Workbook

Sheet Dashboard
A1: AION 2 - Kina Mingguan: Dashboard
A4: 1. PLAY COUNT SAAT INI
A5: Conquest | B5: 50 | C5: Tier sekarang | D5: =SUMIFS(Setting!$E$30:$E$39,Setting!$A$30:$A$39,$A5,Setting!$C$30:$C$39,"<="&$B5,Setting!$D$30:$D$39,">="&$B5) -> 1 | E5: Play lagi sebelum tier turun | F5: =IF(SUMIFS(Setting!$D$30:$D$39,Setting!$A$30:$A$39,$A5,Setting!$C$30:$C$39,"<="&$B5,Setting!$D$30:$D$39,">="&$B5)>=999999,"tier terakhir",SUMIFS(Setting!$D$30:$D$39,Setting!$A$30:$A$39,$A5,Setting!$C$30:$C$39,"<="&$B5,Setting!$D$30:$D$39,">="&$B5)-$B5+1) -> 34 | G5: Tier berikutnya | H5: =IF(F5="tier terakhir","-",SUMIFS(Setting!$E$30:$E$39,Setting!$A$30:$A$39,$A5,Setting!$C$30:$C$39,"<="&($B5+F5),Setting!$D$30:$D$39,">="&($B5+F5))) -> 0.8
A6: Transcend | B6: 5 | C6: Tier sekarang | D6: =SUMIFS(Setting!$E$30:$E$39,Setting!$A$30:$A$39,$A6,Setting!$C$30:$C$39,"<="&$B6,Setting!$D$30:$D$39,">="&$B6) -> 1 | E6: Play lagi sebelum tier turun | F6: =IF(SUMIFS(Setting!$D$30:$D$39,Setting!$A$30:$A$39,$A6,Setting!$C$30:$C$39,"<="&$B6,Setting!$D$30:$D$39,">="&$B6)>=999999,"tier terakhir",SUMIFS(Setting!$D$30:$D$39,Setting!$A$30:$A$39,$A6,Setting!$C$30:$C$39,"<="&$B6,Setting!$D$30:$D$39,">="&$B6)-$B6+1) -> 51 | G6: Tier berikutnya | H6: =IF(F6="tier terakhir","-",SUMIFS(Setting!$E$30:$E$39,Setting!$A$30:$A$39,$A6,Setting!$C$30:$C$39,"<="&($B6+F6),Setting!$D$30:$D$39,">="&($B6+F6))) -> 0.8
A8: 2. REKOMENDASI
A9: {=IFERROR("MAIN SEKARANG: "&INDEX($A$15:$A$22,MATCH(1,$H$15:$H$22,0))&" > "&INDEX($F$15:$F$22,MATCH(1,$H$15:$H$22,0))&" (sekitar "&FIXED(INDEX($G$15:$G$22,MATCH(1,$H$15:$H$22,0)),0)&" kina/cube)","Tidak ada karakter dengan Odyle 'Tersedia' (atau tidak ada mode yang sesuai GS).")} -> MAIN SEKARANG: Roxarika > S1 (sekitar 300,000 kina/cube)
A10: {=IFERROR("BERIKUTNYA: "&INDEX($A$15:$A$22,MATCH(2,$H$15:$H$22,0))&" > "&INDEX($F$15:$F$22,MATCH(2,$H$15:$H$22,0))&" (sekitar "&FIXED(INDEX($G$15:$G$22,MATCH(2,$H$15:$H$22,0)),0)&" kina/cube)","")} -> BERIKUTNYA: Crosley > T2 (sekitar 300,000 kina/cube)
A11: {=IFERROR("NAIKKAN GS: "&INDEX($A$15:$A$22,MATCH(1,$M$15:$M$22,0))&" > "&INDEX($I$15:$I$22,MATCH(1,$M$15:$M$22,0))&" (kurang "&FIXED(INDEX($J$15:$J$22,MATCH(1,$M$15:$M$22,0)),0)&" GS, sekitar +"&FIXED(INDEX($K$15:$K$22,MATCH(1,$M$15:$M$22,0)),0)&" kina/minggu)","Tidak ada mode lebih bernilai yang bisa dibuka.")} -> NAIKKAN GS: Roxarika > S2 (1,900) (kurang 45 GS, sekitar +864,000 kina/minggu)
A13: 3. KARAKTER
A14: Karakter | B14: GS terbaru | C14: GS awal (sekali) | D14: Naik total | E14: Odyle | F14: Mode terbaik | G14: Kina / cube sekarang | H14: Urutan main | I14: Target tier (GS) | J14: Kurang GS | K14: Tambah kina / minggu | L14: Kina / minggu per 1 GS | M14: Prioritas naik GS | N14: Gear | O14: Saran
A15: ChromeT | B15: 2531 | C15: 2428 | D15: =IF(OR(A15="",B15=""),"",B15-C15) -> 103 | E15: Habis | F15: =IF(A15="","",Hitung!Y17) -> S4 | G15: =IF(A15="","",Hitung!Z17) -> 480000 | H15: =IF(A15="","",IF(Hitung!AA17<0,"-",Hitung!AB17)) -> - | I15: =IF(A15="","",IF(Hitung!AL17=0,"-",Hitung!AM17&" ("&FIXED(Hitung!AN17,0)&")")) -> - | J15: =IF(OR(A15="",Hitung!AL17=0),"",Hitung!AO17) | K15: =IF(OR(A15="",Hitung!AL17=0),"",Hitung!AQ17) | L15: =IF(OR(A15="",Hitung!AL17=0),"",Hitung!AK17) | M15: =IF(A15="","",IF(Hitung!AR17<0,"-",Hitung!AS17)) -> - | N15: =IF(A15="","",IF(Gear!W6=0,"Lengkap",Gear!W6&" item kurang (Acc "&Gear!U6&" / Gear "&Gear!V6&")")) -> 4 item kurang (Acc 1 / Gear 3) | O15: =IF(A15="","",IF(E15="Habis","Odyle habis: tunggu pulih",IF(H15=1,"MAIN SEKARANG",IF(ISNUMBER(H15),"Main urutan "&H15,"-")))&IF(M15=1," | PRIORITAS NAIK GS","")) -> Odyle habis: tunggu pulih
A16: Roxarika | B16: 1855 | C16: 1726 | D16: =IF(OR(A16="",B16=""),"",B16-C16) -> 129 | E16: Tersedia | F16: =IF(A16="","",Hitung!Y18) -> S1 | G16: =IF(A16="","",Hitung!Z18) -> 300000 | H16: =IF(A16="","",IF(Hitung!AA18<0,"-",Hitung!AB18)) -> 1 | I16: =IF(A16="","",IF(Hitung!AL18=0,"-",Hitung!AM18&" ("&FIXED(Hitung!AN18,0)&")")) -> S2 (1,900) | J16: =IF(OR(A16="",Hitung!AL18=0),"",Hitung!AO18) -> 45 | K16: =IF(OR(A16="",Hitung!AL18=0),"",Hitung!AQ18) -> 864000 | L16: =IF(OR(A16="",Hitung!AL18=0),"",Hitung!AK18) -> 19200 | M16: =IF(A16="","",IF(Hitung!AR18<0,"-",Hitung!AS18)) -> 1 | N16: =IF(A16="","",IF(Gear!W7=0,"Lengkap",Gear!W7&" item kurang (Acc "&Gear!U7&" / Gear "&Gear!V7&")")) -> 14 item kurang (Acc 6 / Gear 8) | O16: =IF(A16="","",IF(E16="Habis","Odyle habis: tunggu pulih",IF(H16=1,"MAIN SEKARANG",IF(ISNUMBER(H16),"Main urutan "&H16,"-")))&IF(M16=1," | PRIORITAS NAIK GS","")) -> MAIN SEKARANG | PRIORITAS NAIK GS
A17: Crosley | B17: 1595 | C17: 1569 | D17: =IF(OR(A17="",B17=""),"",B17-C17) -> 26 | E17: Tersedia | F17: =IF(A17="","",Hitung!Y19) -> T2 | G17: =IF(A17="","",Hitung!Z19) -> 300000 | H17: =IF(A17="","",IF(Hitung!AA19<0,"-",Hitung!AB19)) -> 2 | I17: =IF(A17="","",IF(Hitung!AL19=0,"-",Hitung!AM19&" ("&FIXED(Hitung!AN19,0)&")")) -> T3 (2,100) | J17: =IF(OR(A17="",Hitung!AL19=0),"",Hitung!AO19) -> 505 | K17: =IF(OR(A17="",Hitung!AL19=0),"",Hitung!AQ19) -> 2100000 | L17: =IF(OR(A17="",Hitung!AL19=0),"",Hitung!AK19) -> 4158.4158 | M17: =IF(A17="","",IF(Hitung!AR19<0,"-",Hitung!AS19)) -> 3 | N17: =IF(A17="","",IF(Gear!W8=0,"Lengkap",Gear!W8&" item kurang (Acc "&Gear!U8&" / Gear "&Gear!V8&")")) -> 14 item kurang (Acc 6 / Gear 8) | O17: =IF(A17="","",IF(E17="Habis","Odyle habis: tunggu pulih",IF(H17=1,"MAIN SEKARANG",IF(ISNUMBER(H17),"Main urutan "&H17,"-")))&IF(M17=1," | PRIORITAS NAIK GS","")) -> Main urutan 2
A18: Nathanael | B18: 1578 | C18: 1548 | D18: =IF(OR(A18="",B18=""),"",B18-C18) -> 30 | E18: Tersedia | F18: =IF(A18="","",Hitung!Y20) -> T2 | G18: =IF(A18="","",Hitung!Z20) -> 300000 | H18: =IF(A18="","",IF(Hitung!AA20<0,"-",Hitung!AB20)) -> 3 | I18: =IF(A18="","",IF(Hitung!AL20=0,"-",Hitung!AM20&" ("&FIXED(Hitung!AN20,0)&")")) -> T3 (2,100) | J18: =IF(OR(A18="",Hitung!AL20=0),"",Hitung!AO20) -> 522 | K18: =IF(OR(A18="",Hitung!AL20=0),"",Hitung!AQ20) -> 2100000 | L18: =IF(OR(A18="",Hitung!AL20=0),"",Hitung!AK20) -> 4022.9885 | M18: =IF(A18="","",IF(Hitung!AR20<0,"-",Hitung!AS20)) -> 5 | N18: =IF(A18="","",IF(Gear!W9=0,"Lengkap",Gear!W9&" item kurang (Acc "&Gear!U9&" / Gear "&Gear!V9&")")) -> 14 item kurang (Acc 6 / Gear 8) | O18: =IF(A18="","",IF(E18="Habis","Odyle habis: tunggu pulih",IF(H18=1,"MAIN SEKARANG",IF(ISNUMBER(H18),"Main urutan "&H18,"-")))&IF(M18=1," | PRIORITAS NAIK GS","")) -> Main urutan 3
A19: Cicero | B19: 1502 | C19: 1498 | D19: =IF(OR(A19="",B19=""),"",B19-C19) -> 4 | E19: Tersedia | F19: =IF(A19="","",Hitung!Y21) -> T2 | G19: =IF(A19="","",Hitung!Z21) -> 300000 | H19: =IF(A19="","",IF(Hitung!AA21<0,"-",Hitung!AB21)) -> 4 | I19: =IF(A19="","",IF(Hitung!AL21=0,"-",Hitung!AM21&" ("&FIXED(Hitung!AN21,0)&")")) -> T3 (2,100) | J19: =IF(OR(A19="",Hitung!AL21=0),"",Hitung!AO21) -> 598 | K19: =IF(OR(A19="",Hitung!AL21=0),"",Hitung!AQ21) -> 2100000 | L19: =IF(OR(A19="",Hitung!AL21=0),"",Hitung!AK21) -> 3511.7057 | M19: =IF(A19="","",IF(Hitung!AR21<0,"-",Hitung!AS21)) -> 7 | N19: =IF(A19="","",IF(Gear!W10=0,"Lengkap",Gear!W10&" item kurang (Acc "&Gear!U10&" / Gear "&Gear!V10&")")) -> 14 item kurang (Acc 6 / Gear 8) | O19: =IF(A19="","",IF(E19="Habis","Odyle habis: tunggu pulih",IF(H19=1,"MAIN SEKARANG",IF(ISNUMBER(H19),"Main urutan "&H19,"-")))&IF(M19=1," | PRIORITAS NAIK GS","")) -> Main urutan 4
A20: Seneca | B20: 1604 | C20: 1559 | D20: =IF(OR(A20="",B20=""),"",B20-C20) -> 45 | E20: Tersedia | F20: =IF(A20="","",Hitung!Y22) -> S1 | G20: =IF(A20="","",Hitung!Z22) -> 300000 | H20: =IF(A20="","",IF(Hitung!AA22<0,"-",Hitung!AB22)) -> 5 | I20: =IF(A20="","",IF(Hitung!AL22=0,"-",Hitung!AM22&" ("&FIXED(Hitung!AN22,0)&")")) -> T3 (2,100) | J20: =IF(OR(A20="",Hitung!AL22=0),"",Hitung!AO22) -> 496 | K20: =IF(OR(A20="",Hitung!AL22=0),"",Hitung!AQ22) -> 3540000 | L20: =IF(OR(A20="",Hitung!AL22=0),"",Hitung!AK22) -> 7137.0968 | M20: =IF(A20="","",IF(Hitung!AR22<0,"-",Hitung!AS22)) -> 2 | N20: =IF(A20="","",IF(Gear!W11=0,"Lengkap",Gear!W11&" item kurang (Acc "&Gear!U11&" / Gear "&Gear!V11&")")) -> 14 item kurang (Acc 6 / Gear 8) | O20: =IF(A20="","",IF(E20="Habis","Odyle habis: tunggu pulih",IF(H20=1,"MAIN SEKARANG",IF(ISNUMBER(H20),"Main urutan "&H20,"-")))&IF(M20=1," | PRIORITAS NAIK GS","")) -> Main urutan 5
A21: Averroes | B21: 1595 | C21: 1575 | D21: =IF(OR(A21="",B21=""),"",B21-C21) -> 20 | E21: Tersedia | F21: =IF(A21="","",Hitung!Y23) -> T2 | G21: =IF(A21="","",Hitung!Z23) -> 300000 | H21: =IF(A21="","",IF(Hitung!AA23<0,"-",Hitung!AB23)) -> 6 | I21: =IF(A21="","",IF(Hitung!AL23=0,"-",Hitung!AM23&" ("&FIXED(Hitung!AN23,0)&")")) -> T3 (2,100) | J21: =IF(OR(A21="",Hitung!AL23=0),"",Hitung!AO23) -> 505 | K21: =IF(OR(A21="",Hitung!AL23=0),"",Hitung!AQ23) -> 2100000 | L21: =IF(OR(A21="",Hitung!AL23=0),"",Hitung!AK23) -> 4158.4158 | M21: =IF(A21="","",IF(Hitung!AR23<0,"-",Hitung!AS23)) -> 4 | N21: =IF(A21="","",IF(Gear!W12=0,"Lengkap",Gear!W12&" item kurang (Acc "&Gear!U12&" / Gear "&Gear!V12&")")) -> 14 item kurang (Acc 6 / Gear 8) | O21: =IF(A21="","",IF(E21="Habis","Odyle habis: tunggu pulih",IF(H21=1,"MAIN SEKARANG",IF(ISNUMBER(H21),"Main urutan "&H21,"-")))&IF(M21=1," | PRIORITAS NAIK GS","")) -> Main urutan 6
A22: Claudius | B22: 1558 | C22: 1529 | D22: =IF(OR(A22="",B22=""),"",B22-C22) -> 29 | E22: Tersedia | F22: =IF(A22="","",Hitung!Y24) -> T2 | G22: =IF(A22="","",Hitung!Z24) -> 300000 | H22: =IF(A22="","",IF(Hitung!AA24<0,"-",Hitung!AB24)) -> 7 | I22: =IF(A22="","",IF(Hitung!AL24=0,"-",Hitung!AM24&" ("&FIXED(Hitung!AN24,0)&")")) -> T3 (2,100) | J22: =IF(OR(A22="",Hitung!AL24=0),"",Hitung!AO24) -> 542 | K22: =IF(OR(A22="",Hitung!AL24=0),"",Hitung!AQ24) -> 2100000 | L22: =IF(OR(A22="",Hitung!AL24=0),"",Hitung!AK24) -> 3874.5387 | M22: =IF(A22="","",IF(Hitung!AR24<0,"-",Hitung!AS24)) -> 6 | N22: =IF(A22="","",IF(Gear!W13=0,"Lengkap",Gear!W13&" item kurang (Acc "&Gear!U13&" / Gear "&Gear!V13&")")) -> 14 item kurang (Acc 6 / Gear 8) | O22: =IF(A22="","",IF(E22="Habis","Odyle habis: tunggu pulih",IF(H22=1,"MAIN SEKARANG",IF(ISNUMBER(H22),"Main urutan "&H22,"-")))&IF(M22=1," | PRIORITAS NAIK GS","")) -> Main urutan 7
A24: PREDIKSI KINA MINGGU INI
F25: Kapasitas cube minggu ini (semua karakter) | M25: =Setting!E52 -> 208
F26: Cube terpakai (perkiraan = play count Conquest + Transcend) | M26: =B5+B6 -> 55
F27: Sisa cube (perkiraan) | M27: =MAX(0,M25-M26) -> 153
F28: Kina yang sudah didapat (perkiraan) | M28: =Hitung!AP13 -> 17400000
F29: PREDIKSI kina dari sisa cube (kotor) | M29: =Hitung!AO13-Hitung!AP13 -> 48300000
F30: PREDIKSI total kina minggu ini (kotor, maksimal) | M30: =Hitung!AO13 -> 65700000
F31: Biaya craft + shop (rencana, dari sheet Setting) | M31: =Setting!H52 -> 3000000
F32: PREDIKSI total kina BERSIH (maksimal) | M32: =M30-M31 -> 62700000
A34: RENCANA PER MODE
F35: Mode | G35: Kategori | H35: Cube direncanakan | I35: Kina prediksi | L35: Rata-rata / cube
F36: =IF(Hitung!B5="","",Hitung!B5) -> T2 | G36: =IF(F36="","",Hitung!C5) -> Conquest | H36: =IF(F36="","",Hitung!M5) -> 105 | I36: =IF(F36="","",Hitung!AO5) -> 30240000 | L36: =IF(OR(F36="",N(H36)=0),"",I36/H36) -> 288000
F37: =IF(Hitung!B6="","",Hitung!B6) -> T3 | G37: =IF(F37="","",Hitung!C6) -> Conquest | H37: =IF(F37="","",Hitung!M6) -> 0 | I37: =IF(F37="","",Hitung!AO6) -> 0 | L37: =IF(OR(F37="",N(H37)=0),"",I37/H37)
F38: =IF(Hitung!B7="","",Hitung!B7) -> S1 | G38: =IF(F38="","",Hitung!C7) -> Transcend | H38: =IF(F38="","",Hitung!M7) -> 42 | I38: =IF(F38="","",Hitung!AO7) -> 6660000 | L38: =IF(OR(F38="",N(H38)=0),"",I38/H38) -> 158571.43
F39: =IF(Hitung!B8="","",Hitung!B8) -> S2 | G39: =IF(F39="","",Hitung!C8) -> Transcend | H39: =IF(F39="","",Hitung!M8) -> 0 | I39: =IF(F39="","",Hitung!AO8) -> 0 | L39: =IF(OR(F39="",N(H39)=0),"",I39/H39)
F40: =IF(Hitung!B9="","",Hitung!B9) -> S3 | G40: =IF(F40="","",Hitung!C9) -> Transcend | H40: =IF(F40="","",Hitung!M9) -> 0 | I40: =IF(F40="","",Hitung!AO9) -> 0 | L40: =IF(OR(F40="",N(H40)=0),"",I40/H40)
F41: =IF(Hitung!B10="","",Hitung!B10) -> S4 | G41: =IF(F41="","",Hitung!C10) -> Transcend | H41: =IF(F41="","",Hitung!M10) -> 61 | I41: =IF(F41="","",Hitung!AO10) -> 28800000 | L41: =IF(OR(F41="",N(H41)=0),"",I41/H41) -> 472131.15
F42: =IF(Hitung!B11="","",Hitung!B11) | G42: =IF(F42="","",Hitung!C11) | H42: =IF(F42="","",Hitung!M11) | I42: =IF(F42="","",Hitung!AO11) | L42: =IF(OR(F42="",N(H42)=0),"",I42/H42)
F43: =IF(Hitung!B12="","",Hitung!B12) | G43: =IF(F43="","",Hitung!C12) | H43: =IF(F43="","",Hitung!M12) | I43: =IF(F43="","",Hitung!AO12) | L43: =IF(OR(F43="",N(H43)=0),"",I43/H43)
A46: CATATAN & ASUMSI
A47: - Prediksi: semua cube kapasitas dimainkan; tiap karakter memakai mode berkina terbaik yang sesuai GS-nya (dihitung pada tier perkiraan akhir minggu); dalam tiap kategori, reward tertinggi dimainkan lebih dulu.
A48: - Cube terpakai dianggap = play count (1 play = 1 cube, semua karakter 1 cube/main). 'Kina sudah didapat' mengasumsikan play yang lalu sudah berurutan dari reward tertinggi.
A49: - Play count Conquest dan Transcend dihitung terpisah, dan hanya diisi karakter-karakter kamu di server ini.
A50: - Odyle 'Habis' hanya menggeser urutan main (karakter itu dilewati sampai kamu ganti ke 'Tersedia'); tidak mengurangi prediksi mingguan.
A51: - GS awal diisi sekali (patokan). 'Naik total' = GS terbaru - GS awal. Ubah GS awal tiap Senin jika ingin melihat kenaikan per minggu.
A52: - 'Tambah kina / minggu' dihitung per karakter sendiri-sendiri; jika banyak karakter pindah ke mode yang sama, tier-nya turun dan hasilnya lebih kecil.

Sheet Gear
A1: Gear Checklist
A2: Pilih ✔ di sel yang gear-nya SUDAH didapat (kosong = belum). Data awal diambil dari Item_Tracker. Jumlah yang kurang dihitung otomatis.
C3: ACCESSORIES | J3: GEAR
A5: Karakter | B5: Tipe | C5: Set Accessories | D5: Wpn | E5: Ear L | F5: Ear R | G5: Neck | H5: Ring L | I5: Ring R | J5: Set Gear | K5: Guards | L5: Breastplate | M5: Greaves | N5: Helm | O5: Pauldrons | P5: Gloves | Q5: Boots | R5: Cloak | S5: Arkanis | T5: Deus | U5: Kurang Acc | V5: Kurang Gear | W5: Total kurang
A6: =IF(Dashboard!A15="","",Dashboard!A15) -> ChromeT | B6: 🛡️ | C6: Kromede | D6: TRUE | E6: TRUE | F6: TRUE | G6: FALSE | H6: TRUE | I6: TRUE | J6: Horn Den | K6: FALSE | L6: TRUE | M6: FALSE | N6: TRUE | O6: FALSE | P6: TRUE | Q6: TRUE | R6: TRUE | S6: 4 | T6: 4 | U6: =6-COUNTIF(D6:I6,"TRUE") -> 1 | V6: =8-COUNTIF(K6:R6,"TRUE") -> 3 | W6: =U6+V6 -> 4
A7: =IF(Dashboard!A16="","",Dashboard!A16) -> Roxarika | B7: 🛡️ | C7: Urugugu | D7: FALSE | E7: FALSE | F7: FALSE | G7: FALSE | H7: FALSE | I7: FALSE | J7: Vakron | K7: FALSE | L7: FALSE | M7: FALSE | N7: FALSE | O7: FALSE | P7: FALSE | Q7: FALSE | R7: FALSE | S7: 4 | T7: 4 | U7: =6-COUNTIF(D7:I7,"TRUE") -> 6 | V7: =8-COUNTIF(K7:R7,"TRUE") -> 8 | W7: =U7+V7 -> 14
A8: =IF(Dashboard!A17="","",Dashboard!A17) -> Crosley | B8: 🛡️ | C8: Urugugu | D8: FALSE | E8: FALSE | F8: FALSE | G8: FALSE | H8: FALSE | I8: FALSE | J8: Vakron | K8: FALSE | L8: FALSE | M8: FALSE | N8: FALSE | O8: FALSE | P8: FALSE | Q8: FALSE | R8: FALSE | S8: 4 | T8: 4 | U8: =6-COUNTIF(D8:I8,"TRUE") -> 6 | V8: =8-COUNTIF(K8:R8,"TRUE") -> 8 | W8: =U8+V8 -> 14
A9: =IF(Dashboard!A18="","",Dashboard!A18) -> Nathanael | B9: 🛡️ | C9: Urugugu | D9: FALSE | E9: FALSE | F9: FALSE | G9: FALSE | H9: FALSE | I9: FALSE | J9: Vakron | K9: FALSE | L9: FALSE | M9: FALSE | N9: FALSE | O9: FALSE | P9: FALSE | Q9: FALSE | R9: FALSE | S9: 4 | T9: 4 | U9: =6-COUNTIF(D9:I9,"TRUE") -> 6 | V9: =8-COUNTIF(K9:R9,"TRUE") -> 8 | W9: =U9+V9 -> 14
A10: =IF(Dashboard!A19="","",Dashboard!A19) -> Cicero | B10: 🛡️ | C10: Urugugu | D10: FALSE | E10: FALSE | F10: FALSE | G10: FALSE | H10: FALSE | I10: FALSE | J10: Vakron | K10: FALSE | L10: FALSE | M10: FALSE | N10: FALSE | O10: FALSE | P10: FALSE | Q10: FALSE | R10: FALSE | S10: 4 | T10: 4 | U10: =6-COUNTIF(D10:I10,"TRUE") -> 6 | V10: =8-COUNTIF(K10:R10,"TRUE") -> 8 | W10: =U10+V10 -> 14
A11: =IF(Dashboard!A20="","",Dashboard!A20) -> Seneca | B11: 🛡️ | C11: Urugugu | D11: FALSE | E11: FALSE | F11: FALSE | G11: FALSE | H11: FALSE | I11: FALSE | J11: Vakron | K11: FALSE | L11: FALSE | M11: FALSE | N11: FALSE | O11: FALSE | P11: FALSE | Q11: FALSE | R11: FALSE | S11: 4 | T11: 4 | U11: =6-COUNTIF(D11:I11,"TRUE") -> 6 | V11: =8-COUNTIF(K11:R11,"TRUE") -> 8 | W11: =U11+V11 -> 14
A12: =IF(Dashboard!A21="","",Dashboard!A21) -> Averroes | B12: 🛡️ | C12: Urugugu | D12: FALSE | E12: FALSE | F12: FALSE | G12: FALSE | H12: FALSE | I12: FALSE | J12: Vakron | K12: FALSE | L12: FALSE | M12: FALSE | N12: FALSE | O12: FALSE | P12: FALSE | Q12: FALSE | R12: FALSE | S12: 4 | T12: 4 | U12: =6-COUNTIF(D12:I12,"TRUE") -> 6 | V12: =8-COUNTIF(K12:R12,"TRUE") -> 8 | W12: =U12+V12 -> 14
A13: =IF(Dashboard!A22="","",Dashboard!A22) -> Claudius | B13: 🛡️ | C13: Urugugu | D13: FALSE | E13: FALSE | F13: FALSE | G13: FALSE | H13: FALSE | I13: FALSE | J13: Vakron | K13: FALSE | L13: FALSE | M13: FALSE | N13: FALSE | O13: FALSE | P13: FALSE | Q13: FALSE | R13: FALSE | S13: 4 | T13: 4 | U13: =6-COUNTIF(D13:I13,"TRUE") -> 6 | V13: =8-COUNTIF(K13:R13,"TRUE") -> 8 | W13: =U13+V13 -> 14

Sheet Setting
A1: Setting
A2: Biru = angka yang boleh diubah. Hitam = rumus. Biasanya tidak perlu dibuka kecuali reward / bracket / harga berubah.
A4: Parameter | B4: Nilai | C4: Keterangan
A5: Energi per cube (1 run) | B5: 40 | C5: Dari screenshot: Cube Reward = 40 energi.
A6: Regen energi per interval | B6: 15 | C6: Dari kamu: 15 per 3 jam.
A7: Interval regen (jam) | B7: 3 | C7: Dari kamu.
A8: Energi gratis per karakter / minggu | B8: =B6*(24/B7)*7 -> 840 | C8: Rumus: 15 x 8 x 7 = 840.
A9: Energi per 1 craft / 1 stone shop | B9: 40 | C9: Dari kamu: 1 craft / 1 pembelian = 40 energi.
A10: Biaya kina per craft | B10: 50000 | C10: Dari template Kalkulator (sumber guide web, verifikasi di game).
A11: Biaya material tambahan per craft (kina) | B11: 0 | C11: Opsional: isi nilai pasar material craft jika mau dihitung.
A12: Harga shop per 1 stone (kina) | B12: 100000 | C12: Dari template Kalkulator (sumber guide web, verifikasi di game).
A13: Batas craft per karakter / minggu | B13: 4 | C13: Dari kamu: 4 x 40 energi.
A14: Batas craft per server / minggu | B14: 16 | C14: Dari kamu: 16 x 40 energi (dibagi ke karakter mana saja).
A15: Batas beli shop per karakter / minggu | B15: 20 | C15: Dari kamu: 20 x 40 energi.
A17: DAFTAR MODE / DUNGEON
A18: No | B18: Mode | C18: Kategori | D18: Kina reward (100%) | E18: Min GS | F18: Keterangan
A19: 1 | B19: T2 | C19: Conquest | D19: 300000 | E19: 1400 | F19: Vakron (angka dari kamu)
A20: 2 | B20: T3 | C20: Conquest | D20: 400000 | E20: 2100 | F20: Fire Temple (angka dari kamu)
A21: 3 | B21: S1 | C21: Transcend | D21: 300000 | E21: 1600 | F21: Transcend Stage 1 (angka dari kamu)
A22: 4 | B22: S2 | C22: Transcend | D22: 360000 | E22: 1900 | F22: Transcend Stage 2 (angka dari kamu)
A23: 5 | B23: S3 | C23: Transcend | D23: 420000 | E23: 2200 | F23: PERKIRAAN reward 420.000 (dari template). Ganti dengan angka asli.
A24: 6 | B24: S4 | C24: Transcend | D24: 480000 | E24: 2500 | F24: Angka dari template Kalkulator.
A25: 7
A26: 8
A27: Mode baru: isi di baris kosong (kategori Conquest / Transcend). Baris kosong diabaikan.
A28: BRACKET PLAY COUNT (pengurangan kina)
A29: Kategori | B29: Level | C29: Mulai (play count) | D29: Sampai | E29: Multiplier kina
A30: Conquest | B30: 1 | C30: 0 | D30: =C31-1 -> 83 | E30: 1
A31: Conquest | B31: 2 | C31: 84 | D31: =C32-1 -> 104 | E31: 0.8
A32: Conquest | B32: 3 | C32: 105 | D32: =C33-1 -> 125 | E32: 0.6
A33: Conquest | B33: 4 | C33: 126 | D33: =C34-1 -> 146 | E33: 0.4
A34: Conquest | B34: 5 | C34: 147 | D34: 999999 | E34: 0.2
A35: Transcend | B35: 1 | C35: 0 | D35: =C36-1 -> 55 | E35: 1
A36: Transcend | B36: 2 | C36: 56 | D36: =C37-1 -> 69 | E36: 0.8
A37: Transcend | B37: 3 | C37: 70 | D37: =C38-1 -> 83 | E37: 0.6
A38: Transcend | B38: 4 | C38: 84 | D38: =C39-1 -> 97 | E38: 0.4
A39: Transcend | B39: 5 | C39: 98 | D39: 999999 | E39: 0.2
A40: Sumber: screenshot 'Cumulative Play Reward Adjustment' dari kamu. 999.999 = tak terbatas. 'Mulai' = play count saat run dimulai (84 -> tier 80%).
A42: RENCANA ENERGI TAMBAHAN PER KARAKTER (craft & shop)
A43: Karakter | B43: Craft karakter (jml) | C43: Craft server dialokasikan | D43: Beli shop (jml) | E43: Cube / minggu (maks) | F43: Biaya craft (kina) | G43: Biaya shop (kina) | H43: Total biaya (kina)
A44: =IF(Dashboard!A15="","",Dashboard!A15) -> ChromeT | B44: 4 | C44: 16 | D44: 20 | E44: =IF(A44="",0,INT($B$8/$B$5)+(B44+C44+D44)*$B$9/$B$5) -> 61 | F44: =(B44+C44)*($B$10+$B$11) -> 1000000 | G44: =D44*$B$12 -> 2000000 | H44: =F44+G44 -> 3000000
A45: =IF(Dashboard!A16="","",Dashboard!A16) -> Roxarika | B45: 0 | C45: 0 | D45: 0 | E45: =IF(A45="",0,INT($B$8/$B$5)+(B45+C45+D45)*$B$9/$B$5) -> 21 | F45: =(B45+C45)*($B$10+$B$11) -> 0 | G45: =D45*$B$12 -> 0 | H45: =F45+G45 -> 0
A46: =IF(Dashboard!A17="","",Dashboard!A17) -> Crosley | B46: 0 | C46: 0 | D46: 0 | E46: =IF(A46="",0,INT($B$8/$B$5)+(B46+C46+D46)*$B$9/$B$5) -> 21 | F46: =(B46+C46)*($B$10+$B$11) -> 0 | G46: =D46*$B$12 -> 0 | H46: =F46+G46 -> 0
A47: =IF(Dashboard!A18="","",Dashboard!A18) -> Nathanael | B47: 0 | C47: 0 | D47: 0 | E47: =IF(A47="",0,INT($B$8/$B$5)+(B47+C47+D47)*$B$9/$B$5) -> 21 | F47: =(B47+C47)*($B$10+$B$11) -> 0 | G47: =D47*$B$12 -> 0 | H47: =F47+G47 -> 0
A48: =IF(Dashboard!A19="","",Dashboard!A19) -> Cicero | B48: 0 | C48: 0 | D48: 0 | E48: =IF(A48="",0,INT($B$8/$B$5)+(B48+C48+D48)*$B$9/$B$5) -> 21 | F48: =(B48+C48)*($B$10+$B$11) -> 0 | G48: =D48*$B$12 -> 0 | H48: =F48+G48 -> 0
A49: =IF(Dashboard!A20="","",Dashboard!A20) -> Seneca | B49: 0 | C49: 0 | D49: 0 | E49: =IF(A49="",0,INT($B$8/$B$5)+(B49+C49+D49)*$B$9/$B$5) -> 21 | F49: =(B49+C49)*($B$10+$B$11) -> 0 | G49: =D49*$B$12 -> 0 | H49: =F49+G49 -> 0
A50: =IF(Dashboard!A21="","",Dashboard!A21) -> Averroes | B50: 0 | C50: 0 | D50: 0 | E50: =IF(A50="",0,INT($B$8/$B$5)+(B50+C50+D50)*$B$9/$B$5) -> 21 | F50: =(B50+C50)*($B$10+$B$11) -> 0 | G50: =D50*$B$12 -> 0 | H50: =F50+G50 -> 0
A51: =IF(Dashboard!A22="","",Dashboard!A22) -> Claudius | B51: 0 | C51: 0 | D51: 0 | E51: =IF(A51="",0,INT($B$8/$B$5)+(B51+C51+D51)*$B$9/$B$5) -> 21 | F51: =(B51+C51)*($B$10+$B$11) -> 0 | G51: =D51*$B$12 -> 0 | H51: =F51+G51 -> 0
A52: TOTAL | B52: =SUM(B44:B51) -> 4 | C52: =SUM(C44:C51) -> 16 | D52: =SUM(D44:D51) -> 20 | E52: =SUM(E44:E51) -> 208 | F52: =SUM(F44:F51) -> 1000000 | G52: =SUM(G44:G51) -> 2000000 | H52: =SUM(H44:H51) -> 3000000
A53: =IF(C52<=B14,"Cek craft server: OK ("&C52&" dari "&B14&" terpakai)","PERINGATAN: craft server dialokasikan "&C52&" melebihi batas "&B14) -> Cek craft server: OK (16 dari 16 terpakai)
A54: Isi hanya jika kamu benar-benar membeli energi tambahan. Isi 0 jika tidak. Biaya dipakai untuk menghitung kina BERSIH.

Sheet Hitung
A1: Hitung (mesin perhitungan)
A2: Tidak perlu dibuka atau diedit.
A4: No | B4: Mode | C4: Kategori | D4: Kina full | E4: Min GS | F4: Play count skrg | G4: Mult skrg | H4: Kina/cube skrg | I4: Cube pass1 | J4: Total cat pass1 | K4: Mult acuan | L4: Kina/cube acuan | M4: Cube rencana | N4: Mulai (posisi) | O4: Akhir (posisi) | P4: Ov L1 | Q4: Ov L2 | R4: Ov L3 | S4: Ov L4 | T4: Ov L5 | U4: OvDone L1 | V4: OvDone L2 | W4: OvDone L3 | X4: OvDone L4 | Y4: OvDone L5 | Z4: Mult L1 | AA4: Mult L2 | AB4: Mult L3 | AC4: Mult L4 | AD4: Mult L5 | AE4: Lo L1 | AF4: Lo L2 | AG4: Lo L3 | AH4: Lo L4 | AI4: Lo L5 | AJ4: Hi L1 | AK4: Hi L2 | AL4: Hi L3 | AM4: Hi L4 | AN4: Hi L5 | AO4: Kina rencana | AP4: Kina sudah
A5: 1 | B5: =IF(Setting!B19="","",Setting!B19) -> T2 | C5: =IF(B5="","",Setting!C19) -> Conquest | D5: =IF(B5="",0,N(Setting!D19)) -> 300000 | E5: =IF(B5="",0,N(Setting!E19)) -> 1400 | F5: =IF(C5="Conquest",Dashboard!$B$5,IF(C5="Transcend",Dashboard!$B$6,0)) -> 50 | G5: =IF(B5="",0,SUMIFS(Setting!$E$30:$E$39,Setting!$A$30:$A$39,C5,Setting!$C$30:$C$39,"<="&F5,Setting!$D$30:$D$39,">="&F5)) -> 1 | H5: =D5*G5 -> 300000 | I5: =SUMIF($N$17:$N$24,A5,$D$17:$D$24) -> 147 | J5: =IF(B5="",0,SUMIF($C$5:$C$12,C5,$I$5:$I$12)) -> 147 | K5: =IF(B5="",0,SUMIFS(Setting!$E$30:$E$39,Setting!$A$30:$A$39,C5,Setting!$C$30:$C$39,"<="&J5,Setting!$D$30:$D$39,">="&J5)) -> 0.2 | L5: =D5*K5 -> 60000 | M5: =SUMIF($X$17:$X$24,A5,$D$17:$D$24) -> 105 | N5: =IF(B5="",0,SUMPRODUCT(($C$5:$C$12=C5)*(($D$5:$D$12>D5)+($D$5:$D$12=D5)*($A$5:$A$12<A5))*$M$5:$M$12)) -> 0 | O5: =N5+M5 -> 105 | P5: =IF($M5=0,0,MAX(0,MIN($O5-1,AJ5)-MAX($N5,AE5)+1)) -> 84 | Q5: =IF($M5=0,0,MAX(0,MIN($O5-1,AK5)-MAX($N5,AF5)+1)) -> 21 | R5: =IF($M5=0,0,MAX(0,MIN($O5-1,AL5)-MAX($N5,AG5)+1)) -> 0 | S5: =IF($M5=0,0,MAX(0,MIN($O5-1,AM5)-MAX($N5,AH5)+1)) -> 0 | T5: =IF($M5=0,0,MAX(0,MIN($O5-1,AN5)-MAX($N5,AI5)+1)) -> 0 | U5: =IF($M5=0,0,MAX(0,MIN($O5-1,AJ5,$F5-1)-MAX($N5,AE5)+1)) -> 50 | V5: =IF($M5=0,0,MAX(0,MIN($O5-1,AK5,$F5-1)-MAX($N5,AF5)+1)) -> 0 | W5: =IF($M5=0,0,MAX(0,MIN($O5-1,AL5,$F5-1)-MAX($N5,AG5)+1)) -> 0 | X5: =IF($M5=0,0,MAX(0,MIN($O5-1,AM5,$F5-1)-MAX($N5,AH5)+1)) -> 0 | Y5: =IF($M5=0,0,MAX(0,MIN($O5-1,AN5,$F5-1)-MAX($N5,AI5)+1)) -> 0 | Z5: =IF($B5="",0,SUMIFS(Setting!$E$30:$E$39,Setting!$A$30:$A$39,$C5,Setting!$B$30:$B$39,1)) -> 1 | AA5: =IF($B5="",0,SUMIFS(Setting!$E$30:$E$39,Setting!$A$30:$A$39,$C5,Setting!$B$30:$B$39,2)) -> 0.8 | AB5: =IF($B5="",0,SUMIFS(Setting!$E$30:$E$39,Setting!$A$30:$A$39,$C5,Setting!$B$30:$B$39,3)) -> 0.6 | AC5: =IF($B5="",0,SUMIFS(Setting!$E$30:$E$39,Setting!$A$30:$A$39,$C5,Setting!$B$30:$B$39,4)) -> 0.4 | AD5: =IF($B5="",0,SUMIFS(Setting!$E$30:$E$39,Setting!$A$30:$A$39,$C5,Setting!$B$30:$B$39,5)) -> 0.2 | AE5: =IF($B5="",0,SUMIFS(Setting!$C$30:$C$39,Setting!$A$30:$A$39,$C5,Setting!$B$30:$B$39,1)) -> 0 | AF5: =IF($B5="",0,SUMIFS(Setting!$C$30:$C$39,Setting!$A$30:$A$39,$C5,Setting!$B$30:$B$39,2)) -> 84 | AG5: =IF($B5="",0,SUMIFS(Setting!$C$30:$C$39,Setting!$A$30:$A$39,$C5,Setting!$B$30:$B$39,3)) -> 105 | AH5: =IF($B5="",0,SUMIFS(Setting!$C$30:$C$39,Setting!$A$30:$A$39,$C5,Setting!$B$30:$B$39,4)) -> 126 | AI5: =IF($B5="",0,SUMIFS(Setting!$C$30:$C$39,Setting!$A$30:$A$39,$C5,Setting!$B$30:$B$39,5)) -> 147 | AJ5: =IF($B5="",0,SUMIFS(Setting!$D$30:$D$39,Setting!$A$30:$A$39,$C5,Setting!$B$30:$B$39,1)) -> 83 | AK5: =IF($B5="",0,SUMIFS(Setting!$D$30:$D$39,Setting!$A$30:$A$39,$C5,Setting!$B$30:$B$39,2)) -> 104 | AL5: =IF($B5="",0,SUMIFS(Setting!$D$30:$D$39,Setting!$A$30:$A$39,$C5,Setting!$B$30:$B$39,3)) -> 125 | AM5: =IF($B5="",0,SUMIFS(Setting!$D$30:$D$39,Setting!$A$30:$A$39,$C5,Setting!$B$30:$B$39,4)) -> 146 | AN5: =IF($B5="",0,SUMIFS(Setting!$D$30:$D$39,Setting!$A$30:$A$39,$C5,Setting!$B$30:$B$39,5)) -> 999999 | AO5: =$D5*SUMPRODUCT(P5:T5,Z5:AD5) -> 30240000 | AP5: =$D5*SUMPRODUCT(U5:Y5,Z5:AD5) -> 15000000
A6: 2 | B6: =IF(Setting!B20="","",Setting!B20) -> T3 | C6: =IF(B6="","",Setting!C20) -> Conquest | D6: =IF(B6="",0,N(Setting!D20)) -> 400000 | E6: =IF(B6="",0,N(Setting!E20)) -> 2100 | F6: =IF(C6="Conquest",Dashboard!$B$5,IF(C6="Transcend",Dashboard!$B$6,0)) -> 50 | G6: =IF(B6="",0,SUMIFS(Setting!$E$30:$E$39,Setting!$A$30:$A$39,C6,Setting!$C$30:$C$39,"<="&F6,Setting!$D$30:$D$39,">="&F6)) -> 1 | H6: =D6*G6 -> 400000 | I6: =SUMIF($N$17:$N$24,A6,$D$17:$D$24) -> 0 | J6: =IF(B6="",0,SUMIF($C$5:$C$12,C6,$I$5:$I$12)) -> 147 | K6: =IF(B6="",0,SUMIFS(Setting!$E$30:$E$39,Setting!$A$30:$A$39,C6,Setting!$C$30:$C$39,"<="&J6,Setting!$D$30:$D$39,">="&J6)) -> 0.2 | L6: =D6*K6 -> 80000 | M6: =SUMIF($X$17:$X$24,A6,$D$17:$D$24) -> 0 | N6: =IF(B6="",0,SUMPRODUCT(($C$5:$C$12=C6)*(($D$5:$D$12>D6)+($D$5:$D$12=D6)*($A$5:$A$12<A6))*$M$5:$M$12)) -> 0 | O6: =N6+M6 -> 0 | P6: =IF($M6=0,0,MAX(0,MIN($O6-1,AJ6)-MAX($N6,AE6)+1)) -> 0 | Q6: =IF($M6=0,0,MAX(0,MIN($O6-1,AK6)-MAX($N6,AF6)+1)) -> 0 | R6: =IF($M6=0,0,MAX(0,MIN($O6-1,AL6)-MAX($N6,AG6)+1)) -> 0 | S6: =IF($M6=0,0,MAX(0,MIN($O6-1,AM6)-MAX($N6,AH6)+1)) -> 0 | T6: =IF($M6=0,0,MAX(0,MIN($O6-1,AN6)-MAX($N6,AI6)+1)) -> 0 | U6: =IF($M6=0,0,MAX(0,MIN($O6-1,AJ6,$F6-1)-MAX($N6,AE6)+1)) -> 0 | V6: =IF($M6=0,0,MAX(0,MIN($O6-1,AK6,$F6-1)-MAX($N6,AF6)+1)) -> 0 | W6: =IF($M6=0,0,MAX(0,MIN($O6-1,AL6,$F6-1)-MAX($N6,AG6)+1)) -> 0 | X6: =IF($M6=0,0,MAX(0,MIN($O6-1,AM6,$F6-1)-MAX($N6,AH6)+1)) -> 0 | Y6: =IF($M6=0,0,MAX(0,MIN($O6-1,AN6,$F6-1)-MAX($N6,AI6)+1)) -> 0 | Z6: =IF($B6="",0,SUMIFS(Setting!$E$30:$E$39,Setting!$A$30:$A$39,$C6,Setting!$B$30:$B$39,1)) -> 1 | AA6: =IF($B6="",0,SUMIFS(Setting!$E$30:$E$39,Setting!$A$30:$A$39,$C6,Setting!$B$30:$B$39,2)) -> 0.8 | AB6: =IF($B6="",0,SUMIFS(Setting!$E$30:$E$39,Setting!$A$30:$A$39,$C6,Setting!$B$30:$B$39,3)) -> 0.6 | AC6: =IF($B6="",0,SUMIFS(Setting!$E$30:$E$39,Setting!$A$30:$A$39,$C6,Setting!$B$30:$B$39,4)) -> 0.4 | AD6: =IF($B6="",0,SUMIFS(Setting!$E$30:$E$39,Setting!$A$30:$A$39,$C6,Setting!$B$30:$B$39,5)) -> 0.2 | AE6: =IF($B6="",0,SUMIFS(Setting!$C$30:$C$39,Setting!$A$30:$A$39,$C6,Setting!$B$30:$B$39,1)) -> 0 | AF6: =IF($B6="",0,SUMIFS(Setting!$C$30:$C$39,Setting!$A$30:$A$39,$C6,Setting!$B$30:$B$39,2)) -> 84 | AG6: =IF($B6="",0,SUMIFS(Setting!$C$30:$C$39,Setting!$A$30:$A$39,$C6,Setting!$B$30:$B$39,3)) -> 105 | AH6: =IF($B6="",0,SUMIFS(Setting!$C$30:$C$39,Setting!$A$30:$A$39,$C6,Setting!$B$30:$B$39,4)) -> 126 | AI6: =IF($B6="",0,SUMIFS(Setting!$C$30:$C$39,Setting!$A$30:$A$39,$C6,Setting!$B$30:$B$39,5)) -> 147 | AJ6: =IF($B6="",0,SUMIFS(Setting!$D$30:$D$39,Setting!$A$30:$A$39,$C6,Setting!$B$30:$B$39,1)) -> 83 | AK6: =IF($B6="",0,SUMIFS(Setting!$D$30:$D$39,Setting!$A$30:$A$39,$C6,Setting!$B$30:$B$39,2)) -> 104 | AL6: =IF($B6="",0,SUMIFS(Setting!$D$30:$D$39,Setting!$A$30:$A$39,$C6,Setting!$B$30:$B$39,3)) -> 125 | AM6: =IF($B6="",0,SUMIFS(Setting!$D$30:$D$39,Setting!$A$30:$A$39,$C6,Setting!$B$30:$B$39,4)) -> 146 | AN6: =IF($B6="",0,SUMIFS(Setting!$D$30:$D$39,Setting!$A$30:$A$39,$C6,Setting!$B$30:$B$39,5)) -> 999999 | AO6: =$D6*SUMPRODUCT(P6:T6,Z6:AD6) -> 0 | AP6: =$D6*SUMPRODUCT(U6:Y6,Z6:AD6) -> 0
A7: 3 | B7: =IF(Setting!B21="","",Setting!B21) -> S1 | C7: =IF(B7="","",Setting!C21) -> Transcend | D7: =IF(B7="",0,N(Setting!D21)) -> 300000 | E7: =IF(B7="",0,N(Setting!E21)) -> 1600 | F7: =IF(C7="Conquest",Dashboard!$B$5,IF(C7="Transcend",Dashboard!$B$6,0)) -> 5 | G7: =IF(B7="",0,SUMIFS(Setting!$E$30:$E$39,Setting!$A$30:$A$39,C7,Setting!$C$30:$C$39,"<="&F7,Setting!$D$30:$D$39,">="&F7)) -> 1 | H7: =D7*G7 -> 300000 | I7: =SUMIF($N$17:$N$24,A7,$D$17:$D$24) -> 0 | J7: =IF(B7="",0,SUMIF($C$5:$C$12,C7,$I$5:$I$12)) -> 61 | K7: =IF(B7="",0,SUMIFS(Setting!$E$30:$E$39,Setting!$A$30:$A$39,C7,Setting!$C$30:$C$39,"<="&J7,Setting!$D$30:$D$39,">="&J7)) -> 0.8 | L7: =D7*K7 -> 240000 | M7: =SUMIF($X$17:$X$24,A7,$D$17:$D$24) -> 42 | N7: =IF(B7="",0,SUMPRODUCT(($C$5:$C$12=C7)*(($D$5:$D$12>D7)+($D$5:$D$12=D7)*($A$5:$A$12<A7))*$M$5:$M$12)) -> 61 | O7: =N7+M7 -> 103 | P7: =IF($M7=0,0,MAX(0,MIN($O7-1,AJ7)-MAX($N7,AE7)+1)) -> 0 | Q7: =IF($M7=0,0,MAX(0,MIN($O7-1,AK7)-MAX($N7,AF7)+1)) -> 9 | R7: =IF($M7=0,0,MAX(0,MIN($O7-1,AL7)-MAX($N7,AG7)+1)) -> 14 | S7: =IF($M7=0,0,MAX(0,MIN($O7-1,AM7)-MAX($N7,AH7)+1)) -> 14 | T7: =IF($M7=0,0,MAX(0,MIN($O7-1,AN7)-MAX($N7,AI7)+1)) -> 5 | U7: =IF($M7=0,0,MAX(0,MIN($O7-1,AJ7,$F7-1)-MAX($N7,AE7)+1)) -> 0 | V7: =IF($M7=0,0,MAX(0,MIN($O7-1,AK7,$F7-1)-MAX($N7,AF7)+1)) -> 0 | W7: =IF($M7=0,0,MAX(0,MIN($O7-1,AL7,$F7-1)-MAX($N7,AG7)+1)) -> 0 | X7: =IF($M7=0,0,MAX(0,MIN($O7-1,AM7,$F7-1)-MAX($N7,AH7)+1)) -> 0 | Y7: =IF($M7=0,0,MAX(0,MIN($O7-1,AN7,$F7-1)-MAX($N7,AI7)+1)) -> 0 | Z7: =IF($B7="",0,SUMIFS(Setting!$E$30:$E$39,Setting!$A$30:$A$39,$C7,Setting!$B$30:$B$39,1)) -> 1 | AA7: =IF($B7="",0,SUMIFS(Setting!$E$30:$E$39,Setting!$A$30:$A$39,$C7,Setting!$B$30:$B$39,2)) -> 0.8 | AB7: =IF($B7="",0,SUMIFS(Setting!$E$30:$E$39,Setting!$A$30:$A$39,$C7,Setting!$B$30:$B$39,3)) -> 0.6 | AC7: =IF($B7="",0,SUMIFS(Setting!$E$30:$E$39,Setting!$A$30:$A$39,$C7,Setting!$B$30:$B$39,4)) -> 0.4 | AD7: =IF($B7="",0,SUMIFS(Setting!$E$30:$E$39,Setting!$A$30:$A$39,$C7,Setting!$B$30:$B$39,5)) -> 0.2 | AE7: =IF($B7="",0,SUMIFS(Setting!$C$30:$C$39,Setting!$A$30:$A$39,$C7,Setting!$B$30:$B$39,1)) -> 0 | AF7: =IF($B7="",0,SUMIFS(Setting!$C$30:$C$39,Setting!$A$30:$A$39,$C7,Setting!$B$30:$B$39,2)) -> 56 | AG7: =IF($B7="",0,SUMIFS(Setting!$C$30:$C$39,Setting!$A$30:$A$39,$C7,Setting!$B$30:$B$39,3)) -> 70 | AH7: =IF($B7="",0,SUMIFS(Setting!$C$30:$C$39,Setting!$A$30:$A$39,$C7,Setting!$B$30:$B$39,4)) -> 84 | AI7: =IF($B7="",0,SUMIFS(Setting!$C$30:$C$39,Setting!$A$30:$A$39,$C7,Setting!$B$30:$B$39,5)) -> 98 | AJ7: =IF($B7="",0,SUMIFS(Setting!$D$30:$D$39,Setting!$A$30:$A$39,$C7,Setting!$B$30:$B$39,1)) -> 55 | AK7: =IF($B7="",0,SUMIFS(Setting!$D$30:$D$39,Setting!$A$30:$A$39,$C7,Setting!$B$30:$B$39,2)) -> 69 | AL7: =IF($B7="",0,SUMIFS(Setting!$D$30:$D$39,Setting!$A$30:$A$39,$C7,Setting!$B$30:$B$39,3)) -> 83 | AM7: =IF($B7="",0,SUMIFS(Setting!$D$30:$D$39,Setting!$A$30:$A$39,$C7,Setting!$B$30:$B$39,4)) -> 97 | AN7: =IF($B7="",0,SUMIFS(Setting!$D$30:$D$39,Setting!$A$30:$A$39,$C7,Setting!$B$30:$B$39,5)) -> 999999 | AO7: =$D7*SUMPRODUCT(P7:T7,Z7:AD7) -> 6660000 | AP7: =$D7*SUMPRODUCT(U7:Y7,Z7:AD7) -> 0
A8: 4 | B8: =IF(Setting!B22="","",Setting!B22) -> S2 | C8: =IF(B8="","",Setting!C22) -> Transcend | D8: =IF(B8="",0,N(Setting!D22)) -> 360000 | E8: =IF(B8="",0,N(Setting!E22)) -> 1900 | F8: =IF(C8="Conquest",Dashboard!$B$5,IF(C8="Transcend",Dashboard!$B$6,0)) -> 5 | G8: =IF(B8="",0,SUMIFS(Setting!$E$30:$E$39,Setting!$A$30:$A$39,C8,Setting!$C$30:$C$39,"<="&F8,Setting!$D$30:$D$39,">="&F8)) -> 1 | H8: =D8*G8 -> 360000 | I8: =SUMIF($N$17:$N$24,A8,$D$17:$D$24) -> 0 | J8: =IF(B8="",0,SUMIF($C$5:$C$12,C8,$I$5:$I$12)) -> 61 | K8: =IF(B8="",0,SUMIFS(Setting!$E$30:$E$39,Setting!$A$30:$A$39,C8,Setting!$C$30:$C$39,"<="&J8,Setting!$D$30:$D$39,">="&J8)) -> 0.8 | L8: =D8*K8 -> 288000 | M8: =SUMIF($X$17:$X$24,A8,$D$17:$D$24) -> 0 | N8: =IF(B8="",0,SUMPRODUCT(($C$5:$C$12=C8)*(($D$5:$D$12>D8)+($D$5:$D$12=D8)*($A$5:$A$12<A8))*$M$5:$M$12)) -> 61 | O8: =N8+M8 -> 61 | P8: =IF($M8=0,0,MAX(0,MIN($O8-1,AJ8)-MAX($N8,AE8)+1)) -> 0 | Q8: =IF($M8=0,0,MAX(0,MIN($O8-1,AK8)-MAX($N8,AF8)+1)) -> 0 | R8: =IF($M8=0,0,MAX(0,MIN($O8-1,AL8)-MAX($N8,AG8)+1)) -> 0 | S8: =IF($M8=0,0,MAX(0,MIN($O8-1,AM8)-MAX($N8,AH8)+1)) -> 0 | T8: =IF($M8=0,0,MAX(0,MIN($O8-1,AN8)-MAX($N8,AI8)+1)) -> 0 | U8: =IF($M8=0,0,MAX(0,MIN($O8-1,AJ8,$F8-1)-MAX($N8,AE8)+1)) -> 0 | V8: =IF($M8=0,0,MAX(0,MIN($O8-1,AK8,$F8-1)-MAX($N8,AF8)+1)) -> 0 | W8: =IF($M8=0,0,MAX(0,MIN($O8-1,AL8,$F8-1)-MAX($N8,AG8)+1)) -> 0 | X8: =IF($M8=0,0,MAX(0,MIN($O8-1,AM8,$F8-1)-MAX($N8,AH8)+1)) -> 0 | Y8: =IF($M8=0,0,MAX(0,MIN($O8-1,AN8,$F8-1)-MAX($N8,AI8)+1)) -> 0 | Z8: =IF($B8="",0,SUMIFS(Setting!$E$30:$E$39,Setting!$A$30:$A$39,$C8,Setting!$B$30:$B$39,1)) -> 1 | AA8: =IF($B8="",0,SUMIFS(Setting!$E$30:$E$39,Setting!$A$30:$A$39,$C8,Setting!$B$30:$B$39,2)) -> 0.8 | AB8: =IF($B8="",0,SUMIFS(Setting!$E$30:$E$39,Setting!$A$30:$A$39,$C8,Setting!$B$30:$B$39,3)) -> 0.6 | AC8: =IF($B8="",0,SUMIFS(Setting!$E$30:$E$39,Setting!$A$30:$A$39,$C8,Setting!$B$30:$B$39,4)) -> 0.4 | AD8: =IF($B8="",0,SUMIFS(Setting!$E$30:$E$39,Setting!$A$30:$A$39,$C8,Setting!$B$30:$B$39,5)) -> 0.2 | AE8: =IF($B8="",0,SUMIFS(Setting!$C$30:$C$39,Setting!$A$30:$A$39,$C8,Setting!$B$30:$B$39,1)) -> 0 | AF8: =IF($B8="",0,SUMIFS(Setting!$C$30:$C$39,Setting!$A$30:$A$39,$C8,Setting!$B$30:$B$39,2)) -> 56 | AG8: =IF($B8="",0,SUMIFS(Setting!$C$30:$C$39,Setting!$A$30:$A$39,$C8,Setting!$B$30:$B$39,3)) -> 70 | AH8: =IF($B8="",0,SUMIFS(Setting!$C$30:$C$39,Setting!$A$30:$A$39,$C8,Setting!$B$30:$B$39,4)) -> 84 | AI8: =IF($B8="",0,SUMIFS(Setting!$C$30:$C$39,Setting!$A$30:$A$39,$C8,Setting!$B$30:$B$39,5)) -> 98 | AJ8: =IF($B8="",0,SUMIFS(Setting!$D$30:$D$39,Setting!$A$30:$A$39,$C8,Setting!$B$30:$B$39,1)) -> 55 | AK8: =IF($B8="",0,SUMIFS(Setting!$D$30:$D$39,Setting!$A$30:$A$39,$C8,Setting!$B$30:$B$39,2)) -> 69 | AL8: =IF($B8="",0,SUMIFS(Setting!$D$30:$D$39,Setting!$A$30:$A$39,$C8,Setting!$B$30:$B$39,3)) -> 83 | AM8: =IF($B8="",0,SUMIFS(Setting!$D$30:$D$39,Setting!$A$30:$A$39,$C8,Setting!$B$30:$B$39,4)) -> 97 | AN8: =IF($B8="",0,SUMIFS(Setting!$D$30:$D$39,Setting!$A$30:$A$39,$C8,Setting!$B$30:$B$39,5)) -> 999999 | AO8: =$D8*SUMPRODUCT(P8:T8,Z8:AD8) -> 0 | AP8: =$D8*SUMPRODUCT(U8:Y8,Z8:AD8) -> 0
A9: 5 | B9: =IF(Setting!B23="","",Setting!B23) -> S3 | C9: =IF(B9="","",Setting!C23) -> Transcend | D9: =IF(B9="",0,N(Setting!D23)) -> 420000 | E9: =IF(B9="",0,N(Setting!E23)) -> 2200 | F9: =IF(C9="Conquest",Dashboard!$B$5,IF(C9="Transcend",Dashboard!$B$6,0)) -> 5 | G9: =IF(B9="",0,SUMIFS(Setting!$E$30:$E$39,Setting!$A$30:$A$39,C9,Setting!$C$30:$C$39,"<="&F9,Setting!$D$30:$D$39,">="&F9)) -> 1 | H9: =D9*G9 -> 420000 | I9: =SUMIF($N$17:$N$24,A9,$D$17:$D$24) -> 0 | J9: =IF(B9="",0,SUMIF($C$5:$C$12,C9,$I$5:$I$12)) -> 61 | K9: =IF(B9="",0,SUMIFS(Setting!$E$30:$E$39,Setting!$A$30:$A$39,C9,Setting!$C$30:$C$39,"<="&J9,Setting!$D$30:$D$39,">="&J9)) -> 0.8 | L9: =D9*K9 -> 336000 | M9: =SUMIF($X$17:$X$24,A9,$D$17:$D$24) -> 0 | N9: =IF(B9="",0,SUMPRODUCT(($C$5:$C$12=C9)*(($D$5:$D$12>D9)+($D$5:$D$12=D9)*($A$5:$A$12<A9))*$M$5:$M$12)) -> 61 | O9: =N9+M9 -> 61 | P9: =IF($M9=0,0,MAX(0,MIN($O9-1,AJ9)-MAX($N9,AE9)+1)) -> 0 | Q9: =IF($M9=0,0,MAX(0,MIN($O9-1,AK9)-MAX($N9,AF9)+1)) -> 0 | R9: =IF($M9=0,0,MAX(0,MIN($O9-1,AL9)-MAX($N9,AG9)+1)) -> 0 | S9: =IF($M9=0,0,MAX(0,MIN($O9-1,AM9)-MAX($N9,AH9)+1)) -> 0 | T9: =IF($M9=0,0,MAX(0,MIN($O9-1,AN9)-MAX($N9,AI9)+1)) -> 0 | U9: =IF($M9=0,0,MAX(0,MIN($O9-1,AJ9,$F9-1)-MAX($N9,AE9)+1)) -> 0 | V9: =IF($M9=0,0,MAX(0,MIN($O9-1,AK9,$F9-1)-MAX($N9,AF9)+1)) -> 0 | W9: =IF($M9=0,0,MAX(0,MIN($O9-1,AL9,$F9-1)-MAX($N9,AG9)+1)) -> 0 | X9: =IF($M9=0,0,MAX(0,MIN($O9-1,AM9,$F9-1)-MAX($N9,AH9)+1)) -> 0 | Y9: =IF($M9=0,0,MAX(0,MIN($O9-1,AN9,$F9-1)-MAX($N9,AI9)+1)) -> 0 | Z9: =IF($B9="",0,SUMIFS(Setting!$E$30:$E$39,Setting!$A$30:$A$39,$C9,Setting!$B$30:$B$39,1)) -> 1 | AA9: =IF($B9="",0,SUMIFS(Setting!$E$30:$E$39,Setting!$A$30:$A$39,$C9,Setting!$B$30:$B$39,2)) -> 0.8 | AB9: =IF($B9="",0,SUMIFS(Setting!$E$30:$E$39,Setting!$A$30:$A$39,$C9,Setting!$B$30:$B$39,3)) -> 0.6 | AC9: =IF($B9="",0,SUMIFS(Setting!$E$30:$E$39,Setting!$A$30:$A$39,$C9,Setting!$B$30:$B$39,4)) -> 0.4 | AD9: =IF($B9="",0,SUMIFS(Setting!$E$30:$E$39,Setting!$A$30:$A$39,$C9,Setting!$B$30:$B$39,5)) -> 0.2 | AE9: =IF($B9="",0,SUMIFS(Setting!$C$30:$C$39,Setting!$A$30:$A$39,$C9,Setting!$B$30:$B$39,1)) -> 0 | AF9: =IF($B9="",0,SUMIFS(Setting!$C$30:$C$39,Setting!$A$30:$A$39,$C9,Setting!$B$30:$B$39,2)) -> 56 | AG9: =IF($B9="",0,SUMIFS(Setting!$C$30:$C$39,Setting!$A$30:$A$39,$C9,Setting!$B$30:$B$39,3)) -> 70 | AH9: =IF($B9="",0,SUMIFS(Setting!$C$30:$C$39,Setting!$A$30:$A$39,$C9,Setting!$B$30:$B$39,4)) -> 84 | AI9: =IF($B9="",0,SUMIFS(Setting!$C$30:$C$39,Setting!$A$30:$A$39,$C9,Setting!$B$30:$B$39,5)) -> 98 | AJ9: =IF($B9="",0,SUMIFS(Setting!$D$30:$D$39,Setting!$A$30:$A$39,$C9,Setting!$B$30:$B$39,1)) -> 55 | AK9: =IF($B9="",0,SUMIFS(Setting!$D$30:$D$39,Setting!$A$30:$A$39,$C9,Setting!$B$30:$B$39,2)) -> 69 | AL9: =IF($B9="",0,SUMIFS(Setting!$D$30:$D$39,Setting!$A$30:$A$39,$C9,Setting!$B$30:$B$39,3)) -> 83 | AM9: =IF($B9="",0,SUMIFS(Setting!$D$30:$D$39,Setting!$A$30:$A$39,$C9,Setting!$B$30:$B$39,4)) -> 97 | AN9: =IF($B9="",0,SUMIFS(Setting!$D$30:$D$39,Setting!$A$30:$A$39,$C9,Setting!$B$30:$B$39,5)) -> 999999 | AO9: =$D9*SUMPRODUCT(P9:T9,Z9:AD9) -> 0 | AP9: =$D9*SUMPRODUCT(U9:Y9,Z9:AD9) -> 0
A10: 6 | B10: =IF(Setting!B24="","",Setting!B24) -> S4 | C10: =IF(B10="","",Setting!C24) -> Transcend | D10: =IF(B10="",0,N(Setting!D24)) -> 480000 | E10: =IF(B10="",0,N(Setting!E24)) -> 2500 | F10: =IF(C10="Conquest",Dashboard!$B$5,IF(C10="Transcend",Dashboard!$B$6,0)) -> 5 | G10: =IF(B10="",0,SUMIFS(Setting!$E$30:$E$39,Setting!$A$30:$A$39,C10,Setting!$C$30:$C$39,"<="&F10,Setting!$D$30:$D$39,">="&F10)) -> 1 | H10: =D10*G10 -> 480000 | I10: =SUMIF($N$17:$N$24,A10,$D$17:$D$24) -> 61 | J10: =IF(B10="",0,SUMIF($C$5:$C$12,C10,$I$5:$I$12)) -> 61 | K10: =IF(B10="",0,SUMIFS(Setting!$E$30:$E$39,Setting!$A$30:$A$39,C10,Setting!$C$30:$C$39,"<="&J10,Setting!$D$30:$D$39,">="&J10)) -> 0.8 | L10: =D10*K10 -> 384000 | M10: =SUMIF($X$17:$X$24,A10,$D$17:$D$24) -> 61 | N10: =IF(B10="",0,SUMPRODUCT(($C$5:$C$12=C10)*(($D$5:$D$12>D10)+($D$5:$D$12=D10)*($A$5:$A$12<A10))*$M$5:$M$12)) -> 0 | O10: =N10+M10 -> 61 | P10: =IF($M10=0,0,MAX(0,MIN($O10-1,AJ10)-MAX($N10,AE10)+1)) -> 56 | Q10: =IF($M10=0,0,MAX(0,MIN($O10-1,AK10)-MAX($N10,AF10)+1)) -> 5 | R10: =IF($M10=0,0,MAX(0,MIN($O10-1,AL10)-MAX($N10,AG10)+1)) -> 0 | S10: =IF($M10=0,0,MAX(0,MIN($O10-1,AM10)-MAX($N10,AH10)+1)) -> 0 | T10: =IF($M10=0,0,MAX(0,MIN($O10-1,AN10)-MAX($N10,AI10)+1)) -> 0 | U10: =IF($M10=0,0,MAX(0,MIN($O10-1,AJ10,$F10-1)-MAX($N10,AE10)+1)) -> 5 | V10: =IF($M10=0,0,MAX(0,MIN($O10-1,AK10,$F10-1)-MAX($N10,AF10)+1)) -> 0 | W10: =IF($M10=0,0,MAX(0,MIN($O10-1,AL10,$F10-1)-MAX($N10,AG10)+1)) -> 0 | X10: =IF($M10=0,0,MAX(0,MIN($O10-1,AM10,$F10-1)-MAX($N10,AH10)+1)) -> 0 | Y10: =IF($M10=0,0,MAX(0,MIN($O10-1,AN10,$F10-1)-MAX($N10,AI10)+1)) -> 0 | Z10: =IF($B10="",0,SUMIFS(Setting!$E$30:$E$39,Setting!$A$30:$A$39,$C10,Setting!$B$30:$B$39,1)) -> 1 | AA10: =IF($B10="",0,SUMIFS(Setting!$E$30:$E$39,Setting!$A$30:$A$39,$C10,Setting!$B$30:$B$39,2)) -> 0.8 | AB10: =IF($B10="",0,SUMIFS(Setting!$E$30:$E$39,Setting!$A$30:$A$39,$C10,Setting!$B$30:$B$39,3)) -> 0.6 | AC10: =IF($B10="",0,SUMIFS(Setting!$E$30:$E$39,Setting!$A$30:$A$39,$C10,Setting!$B$30:$B$39,4)) -> 0.4 | AD10: =IF($B10="",0,SUMIFS(Setting!$E$30:$E$39,Setting!$A$30:$A$39,$C10,Setting!$B$30:$B$39,5)) -> 0.2 | AE10: =IF($B10="",0,SUMIFS(Setting!$C$30:$C$39,Setting!$A$30:$A$39,$C10,Setting!$B$30:$B$39,1)) -> 0 | AF10: =IF($B10="",0,SUMIFS(Setting!$C$30:$C$39,Setting!$A$30:$A$39,$C10,Setting!$B$30:$B$39,2)) -> 56 | AG10: =IF($B10="",0,SUMIFS(Setting!$C$30:$C$39,Setting!$A$30:$A$39,$C10,Setting!$B$30:$B$39,3)) -> 70 | AH10: =IF($B10="",0,SUMIFS(Setting!$C$30:$C$39,Setting!$A$30:$A$39,$C10,Setting!$B$30:$B$39,4)) -> 84 | AI10: =IF($B10="",0,SUMIFS(Setting!$C$30:$C$39,Setting!$A$30:$A$39,$C10,Setting!$B$30:$B$39,5)) -> 98 | AJ10: =IF($B10="",0,SUMIFS(Setting!$D$30:$D$39,Setting!$A$30:$A$39,$C10,Setting!$B$30:$B$39,1)) -> 55 | AK10: =IF($B10="",0,SUMIFS(Setting!$D$30:$D$39,Setting!$A$30:$A$39,$C10,Setting!$B$30:$B$39,2)) -> 69 | AL10: =IF($B10="",0,SUMIFS(Setting!$D$30:$D$39,Setting!$A$30:$A$39,$C10,Setting!$B$30:$B$39,3)) -> 83 | AM10: =IF($B10="",0,SUMIFS(Setting!$D$30:$D$39,Setting!$A$30:$A$39,$C10,Setting!$B$30:$B$39,4)) -> 97 | AN10: =IF($B10="",0,SUMIFS(Setting!$D$30:$D$39,Setting!$A$30:$A$39,$C10,Setting!$B$30:$B$39,5)) -> 999999 | AO10: =$D10*SUMPRODUCT(P10:T10,Z10:AD10) -> 28800000 | AP10: =$D10*SUMPRODUCT(U10:Y10,Z10:AD10) -> 2400000
A11: 7 | B11: =IF(Setting!B25="","",Setting!B25) | C11: =IF(B11="","",Setting!C25) | D11: =IF(B11="",0,N(Setting!D25)) -> 0 | E11: =IF(B11="",0,N(Setting!E25)) -> 0 | F11: =IF(C11="Conquest",Dashboard!$B$5,IF(C11="Transcend",Dashboard!$B$6,0)) -> 0 | G11: =IF(B11="",0,SUMIFS(Setting!$E$30:$E$39,Setting!$A$30:$A$39,C11,Setting!$C$30:$C$39,"<="&F11,Setting!$D$30:$D$39,">="&F11)) -> 0 | H11: =D11*G11 -> 0 | I11: =SUMIF($N$17:$N$24,A11,$D$17:$D$24) -> 0 | J11: =IF(B11="",0,SUMIF($C$5:$C$12,C11,$I$5:$I$12)) -> 0 | K11: =IF(B11="",0,SUMIFS(Setting!$E$30:$E$39,Setting!$A$30:$A$39,C11,Setting!$C$30:$C$39,"<="&J11,Setting!$D$30:$D$39,">="&J11)) -> 0 | L11: =D11*K11 -> 0 | M11: =SUMIF($X$17:$X$24,A11,$D$17:$D$24) -> 0 | N11: =IF(B11="",0,SUMPRODUCT(($C$5:$C$12=C11)*(($D$5:$D$12>D11)+($D$5:$D$12=D11)*($A$5:$A$12<A11))*$M$5:$M$12)) -> 0 | O11: =N11+M11 -> 0 | P11: =IF($M11=0,0,MAX(0,MIN($O11-1,AJ11)-MAX($N11,AE11)+1)) -> 0 | Q11: =IF($M11=0,0,MAX(0,MIN($O11-1,AK11)-MAX($N11,AF11)+1)) -> 0 | R11: =IF($M11=0,0,MAX(0,MIN($O11-1,AL11)-MAX($N11,AG11)+1)) -> 0 | S11: =IF($M11=0,0,MAX(0,MIN($O11-1,AM11)-MAX($N11,AH11)+1)) -> 0 | T11: =IF($M11=0,0,MAX(0,MIN($O11-1,AN11)-MAX($N11,AI11)+1)) -> 0 | U11: =IF($M11=0,0,MAX(0,MIN($O11-1,AJ11,$F11-1)-MAX($N11,AE11)+1)) -> 0 | V11: =IF($M11=0,0,MAX(0,MIN($O11-1,AK11,$F11-1)-MAX($N11,AF11)+1)) -> 0 | W11: =IF($M11=0,0,MAX(0,MIN($O11-1,AL11,$F11-1)-MAX($N11,AG11)+1)) -> 0 | X11: =IF($M11=0,0,MAX(0,MIN($O11-1,AM11,$F11-1)-MAX($N11,AH11)+1)) -> 0 | Y11: =IF($M11=0,0,MAX(0,MIN($O11-1,AN11,$F11-1)-MAX($N11,AI11)+1)) -> 0 | Z11: =IF($B11="",0,SUMIFS(Setting!$E$30:$E$39,Setting!$A$30:$A$39,$C11,Setting!$B$30:$B$39,1)) -> 0 | AA11: =IF($B11="",0,SUMIFS(Setting!$E$30:$E$39,Setting!$A$30:$A$39,$C11,Setting!$B$30:$B$39,2)) -> 0 | AB11: =IF($B11="",0,SUMIFS(Setting!$E$30:$E$39,Setting!$A$30:$A$39,$C11,Setting!$B$30:$B$39,3)) -> 0 | AC11: =IF($B11="",0,SUMIFS(Setting!$E$30:$E$39,Setting!$A$30:$A$39,$C11,Setting!$B$30:$B$39,4)) -> 0 | AD11: =IF($B11="",0,SUMIFS(Setting!$E$30:$E$39,Setting!$A$30:$A$39,$C11,Setting!$B$30:$B$39,5)) -> 0 | AE11: =IF($B11="",0,SUMIFS(Setting!$C$30:$C$39,Setting!$A$30:$A$39,$C11,Setting!$B$30:$B$39,1)) -> 0 | AF11: =IF($B11="",0,SUMIFS(Setting!$C$30:$C$39,Setting!$A$30:$A$39,$C11,Setting!$B$30:$B$39,2)) -> 0 | AG11: =IF($B11="",0,SUMIFS(Setting!$C$30:$C$39,Setting!$A$30:$A$39,$C11,Setting!$B$30:$B$39,3)) -> 0 | AH11: =IF($B11="",0,SUMIFS(Setting!$C$30:$C$39,Setting!$A$30:$A$39,$C11,Setting!$B$30:$B$39,4)) -> 0 | AI11: =IF($B11="",0,SUMIFS(Setting!$C$30:$C$39,Setting!$A$30:$A$39,$C11,Setting!$B$30:$B$39,5)) -> 0 | AJ11: =IF($B11="",0,SUMIFS(Setting!$D$30:$D$39,Setting!$A$30:$A$39,$C11,Setting!$B$30:$B$39,1)) -> 0 | AK11: =IF($B11="",0,SUMIFS(Setting!$D$30:$D$39,Setting!$A$30:$A$39,$C11,Setting!$B$30:$B$39,2)) -> 0 | AL11: =IF($B11="",0,SUMIFS(Setting!$D$30:$D$39,Setting!$A$30:$A$39,$C11,Setting!$B$30:$B$39,3)) -> 0 | AM11: =IF($B11="",0,SUMIFS(Setting!$D$30:$D$39,Setting!$A$30:$A$39,$C11,Setting!$B$30:$B$39,4)) -> 0 | AN11: =IF($B11="",0,SUMIFS(Setting!$D$30:$D$39,Setting!$A$30:$A$39,$C11,Setting!$B$30:$B$39,5)) -> 0 | AO11: =$D11*SUMPRODUCT(P11:T11,Z11:AD11) -> 0 | AP11: =$D11*SUMPRODUCT(U11:Y11,Z11:AD11) -> 0
A12: 8 | B12: =IF(Setting!B26="","",Setting!B26) | C12: =IF(B12="","",Setting!C26) | D12: =IF(B12="",0,N(Setting!D26)) -> 0 | E12: =IF(B12="",0,N(Setting!E26)) -> 0 | F12: =IF(C12="Conquest",Dashboard!$B$5,IF(C12="Transcend",Dashboard!$B$6,0)) -> 0 | G12: =IF(B12="",0,SUMIFS(Setting!$E$30:$E$39,Setting!$A$30:$A$39,C12,Setting!$C$30:$C$39,"<="&F12,Setting!$D$30:$D$39,">="&F12)) -> 0 | H12: =D12*G12 -> 0 | I12: =SUMIF($N$17:$N$24,A12,$D$17:$D$24) -> 0 | J12: =IF(B12="",0,SUMIF($C$5:$C$12,C12,$I$5:$I$12)) -> 0 | K12: =IF(B12="",0,SUMIFS(Setting!$E$30:$E$39,Setting!$A$30:$A$39,C12,Setting!$C$30:$C$39,"<="&J12,Setting!$D$30:$D$39,">="&J12)) -> 0 | L12: =D12*K12 -> 0 | M12: =SUMIF($X$17:$X$24,A12,$D$17:$D$24) -> 0 | N12: =IF(B12="",0,SUMPRODUCT(($C$5:$C$12=C12)*(($D$5:$D$12>D12)+($D$5:$D$12=D12)*($A$5:$A$12<A12))*$M$5:$M$12)) -> 0 | O12: =N12+M12 -> 0 | P12: =IF($M12=0,0,MAX(0,MIN($O12-1,AJ12)-MAX($N12,AE12)+1)) -> 0 | Q12: =IF($M12=0,0,MAX(0,MIN($O12-1,AK12)-MAX($N12,AF12)+1)) -> 0 | R12: =IF($M12=0,0,MAX(0,MIN($O12-1,AL12)-MAX($N12,AG12)+1)) -> 0 | S12: =IF($M12=0,0,MAX(0,MIN($O12-1,AM12)-MAX($N12,AH12)+1)) -> 0 | T12: =IF($M12=0,0,MAX(0,MIN($O12-1,AN12)-MAX($N12,AI12)+1)) -> 0 | U12: =IF($M12=0,0,MAX(0,MIN($O12-1,AJ12,$F12-1)-MAX($N12,AE12)+1)) -> 0 | V12: =IF($M12=0,0,MAX(0,MIN($O12-1,AK12,$F12-1)-MAX($N12,AF12)+1)) -> 0 | W12: =IF($M12=0,0,MAX(0,MIN($O12-1,AL12,$F12-1)-MAX($N12,AG12)+1)) -> 0 | X12: =IF($M12=0,0,MAX(0,MIN($O12-1,AM12,$F12-1)-MAX($N12,AH12)+1)) -> 0 | Y12: =IF($M12=0,0,MAX(0,MIN($O12-1,AN12,$F12-1)-MAX($N12,AI12)+1)) -> 0 | Z12: =IF($B12="",0,SUMIFS(Setting!$E$30:$E$39,Setting!$A$30:$A$39,$C12,Setting!$B$30:$B$39,1)) -> 0 | AA12: =IF($B12="",0,SUMIFS(Setting!$E$30:$E$39,Setting!$A$30:$A$39,$C12,Setting!$B$30:$B$39,2)) -> 0 | AB12: =IF($B12="",0,SUMIFS(Setting!$E$30:$E$39,Setting!$A$30:$A$39,$C12,Setting!$B$30:$B$39,3)) -> 0 | AC12: =IF($B12="",0,SUMIFS(Setting!$E$30:$E$39,Setting!$A$30:$A$39,$C12,Setting!$B$30:$B$39,4)) -> 0 | AD12: =IF($B12="",0,SUMIFS(Setting!$E$30:$E$39,Setting!$A$30:$A$39,$C12,Setting!$B$30:$B$39,5)) -> 0 | AE12: =IF($B12="",0,SUMIFS(Setting!$C$30:$C$39,Setting!$A$30:$A$39,$C12,Setting!$B$30:$B$39,1)) -> 0 | AF12: =IF($B12="",0,SUMIFS(Setting!$C$30:$C$39,Setting!$A$30:$A$39,$C12,Setting!$B$30:$B$39,2)) -> 0 | AG12: =IF($B12="",0,SUMIFS(Setting!$C$30:$C$39,Setting!$A$30:$A$39,$C12,Setting!$B$30:$B$39,3)) -> 0 | AH12: =IF($B12="",0,SUMIFS(Setting!$C$30:$C$39,Setting!$A$30:$A$39,$C12,Setting!$B$30:$B$39,4)) -> 0 | AI12: =IF($B12="",0,SUMIFS(Setting!$C$30:$C$39,Setting!$A$30:$A$39,$C12,Setting!$B$30:$B$39,5)) -> 0 | AJ12: =IF($B12="",0,SUMIFS(Setting!$D$30:$D$39,Setting!$A$30:$A$39,$C12,Setting!$B$30:$B$39,1)) -> 0 | AK12: =IF($B12="",0,SUMIFS(Setting!$D$30:$D$39,Setting!$A$30:$A$39,$C12,Setting!$B$30:$B$39,2)) -> 0 | AL12: =IF($B12="",0,SUMIFS(Setting!$D$30:$D$39,Setting!$A$30:$A$39,$C12,Setting!$B$30:$B$39,3)) -> 0 | AM12: =IF($B12="",0,SUMIFS(Setting!$D$30:$D$39,Setting!$A$30:$A$39,$C12,Setting!$B$30:$B$39,4)) -> 0 | AN12: =IF($B12="",0,SUMIFS(Setting!$D$30:$D$39,Setting!$A$30:$A$39,$C12,Setting!$B$30:$B$39,5)) -> 0 | AO12: =$D12*SUMPRODUCT(P12:T12,Z12:AD12) -> 0 | AP12: =$D12*SUMPRODUCT(U12:Y12,Z12:AD12) -> 0
B13: TOTAL | M13: =SUM(M5:M12) -> 208 | AO13: =SUM(AO5:AO12) -> 65700000 | AP13: =SUM(AP5:AP12) -> 17400000
A16: Karakter | B16: GS | C16: Odyle | D16: Cap cube | E16: V1 m1 | F16: V1 m2 | G16: V1 m3 | H16: V1 m4 | I16: V1 m5 | J16: V1 m6 | K16: V1 m7 | L16: V1 m8 | M16: Best1 | N16: Idx1 | O16: V2 m1 | P16: V2 m2 | Q16: V2 m3 | R16: V2 m4 | S16: V2 m5 | T16: V2 m6 | U16: V2 m7 | V16: V2 m8 | W16: Best2 | X16: Idx2 | Y16: Mode | Z16: Kina/cube skrg | AA16: Skor main | AB16: Rank main | AC16: (kosong) 1 | AD16: (kosong) 2 | AE16: (kosong) 3 | AF16: (kosong) 4 | AG16: (kosong) 5 | AH16: (kosong) 6 | AI16: (kosong) 7 | AJ16: (kosong) 8 | AK16: Best gain/GS | AL16: Idx target | AM16: Target mode | AN16: Target GS | AO16: Kurang GS | AP16: Tambah/cube (info) | AQ16: Tambah/minggu (exact) | AR16: Skor upgrade | AS16: Rank upgrade
A17: =IF(Dashboard!A15="","",Dashboard!A15) -> ChromeT | B17: =IF(OR(A17="",Dashboard!B15=""),0,Dashboard!B15) -> 2531 | C17: =Dashboard!E15 -> Habis | D17: =IF(A17="",0,Setting!E44) -> 61 | E17: =IF(AND($A17<>"",$B17>0,$B$5<>"",$B17>=$E$5),$D$5,0) -> 300000 | F17: =IF(AND($A17<>"",$B17>0,$B$6<>"",$B17>=$E$6),$D$6,0) -> 400000 | G17: =IF(AND($A17<>"",$B17>0,$B$7<>"",$B17>=$E$7),$D$7,0) -> 300000 | H17: =IF(AND($A17<>"",$B17>0,$B$8<>"",$B17>=$E$8),$D$8,0) -> 360000 | I17: =IF(AND($A17<>"",$B17>0,$B$9<>"",$B17>=$E$9),$D$9,0) -> 420000 | J17: =IF(AND($A17<>"",$B17>0,$B$10<>"",$B17>=$E$10),$D$10,0) -> 480000 | K17: =IF(AND($A17<>"",$B17>0,$B$11<>"",$B17>=$E$11),$D$11,0) -> 0 | L17: =IF(AND($A17<>"",$B17>0,$B$12<>"",$B17>=$E$12),$D$12,0) -> 0 | M17: =MAX(E17:L17) -> 480000 | N17: =IF(M17=0,0,MATCH(M17,E17:L17,0)) -> 6 | O17: =IF(E17>0,$L$5,0) -> 60000 | P17: =IF(F17>0,$L$6,0) -> 80000 | Q17: =IF(G17>0,$L$7,0) -> 240000 | R17: =IF(H17>0,$L$8,0) -> 288000 | S17: =IF(I17>0,$L$9,0) -> 336000 | T17: =IF(J17>0,$L$10,0) -> 384000 | U17: =IF(K17>0,$L$11,0) -> 0 | V17: =IF(L17>0,$L$12,0) -> 0 | W17: =MAX(O17:V17) -> 384000 | X17: =IF(W17=0,0,MATCH(W17,O17:V17,0)) -> 6 | Y17: =IF(X17=0,"-",INDEX($B$5:$B$12,X17)) -> S4 | Z17: =IF(X17=0,0,INDEX($H$5:$H$12,X17)) -> 480000 | AA17: =IF(A17="","",IF(AND(C17="Tersedia",X17>0),Z17+(100-ROW())/10000000,-ROW())) -> -17 | AB17: =IF(A17="","",RANK(AA17,$AA$17:$AA$24)) -> 8 | AK17: =MAX(Hitung2!AI20:AI27) -> 0 | AL17: =IF(AK17<=0,0,MATCH(AK17,Hitung2!AI20:AI27,0)) -> 0 | AM17: =IF(AL17=0,"-",INDEX($B$5:$B$12,AL17)) -> - | AN17: =IF(AL17=0,0,INDEX($E$5:$E$12,AL17)) -> 0 | AO17: =IF(AL17=0,0,AN17-B17) -> 0 | AP17: =IF(OR(AL17=0,D17=0),0,AQ17/D17) -> 0 | AQ17: {=IF(AL17=0,0,INDEX(Hitung2!AG20:AG27,AL17))} -> 0 | AR17: =IF(A17="","",IF(AK17>0,AK17+(100-ROW())/1000000,-ROW())) -> -17 | AS17: =IF(A17="","",RANK(AR17,$AR$17:$AR$24)) -> 8
A18: =IF(Dashboard!A16="","",Dashboard!A16) -> Roxarika | B18: =IF(OR(A18="",Dashboard!B16=""),0,Dashboard!B16) -> 1855 | C18: =Dashboard!E16 -> Tersedia | D18: =IF(A18="",0,Setting!E45) -> 21 | E18: =IF(AND($A18<>"",$B18>0,$B$5<>"",$B18>=$E$5),$D$5,0) -> 300000 | F18: =IF(AND($A18<>"",$B18>0,$B$6<>"",$B18>=$E$6),$D$6,0) -> 0 | G18: =IF(AND($A18<>"",$B18>0,$B$7<>"",$B18>=$E$7),$D$7,0) -> 300000 | H18: =IF(AND($A18<>"",$B18>0,$B$8<>"",$B18>=$E$8),$D$8,0) -> 0 | I18: =IF(AND($A18<>"",$B18>0,$B$9<>"",$B18>=$E$9),$D$9,0) -> 0 | J18: =IF(AND($A18<>"",$B18>0,$B$10<>"",$B18>=$E$10),$D$10,0) -> 0 | K18: =IF(AND($A18<>"",$B18>0,$B$11<>"",$B18>=$E$11),$D$11,0) -> 0 | L18: =IF(AND($A18<>"",$B18>0,$B$12<>"",$B18>=$E$12),$D$12,0) -> 0 | M18: =MAX(E18:L18) -> 300000 | N18: =IF(M18=0,0,MATCH(M18,E18:L18,0)) -> 1 | O18: =IF(E18>0,$L$5,0) -> 60000 | P18: =IF(F18>0,$L$6,0) -> 0 | Q18: =IF(G18>0,$L$7,0) -> 240000 | R18: =IF(H18>0,$L$8,0) -> 0 | S18: =IF(I18>0,$L$9,0) -> 0 | T18: =IF(J18>0,$L$10,0) -> 0 | U18: =IF(K18>0,$L$11,0) -> 0 | V18: =IF(L18>0,$L$12,0) -> 0 | W18: =MAX(O18:V18) -> 240000 | X18: =IF(W18=0,0,MATCH(W18,O18:V18,0)) -> 3 | Y18: =IF(X18=0,"-",INDEX($B$5:$B$12,X18)) -> S1 | Z18: =IF(X18=0,0,INDEX($H$5:$H$12,X18)) -> 300000 | AA18: =IF(A18="","",IF(AND(C18="Tersedia",X18>0),Z18+(100-ROW())/10000000,-ROW())) -> 300000 | AB18: =IF(A18="","",RANK(AA18,$AA$17:$AA$24)) -> 1 | AK18: =MAX(Hitung2!AI28:AI35) -> 19200 | AL18: =IF(AK18<=0,0,MATCH(AK18,Hitung2!AI28:AI35,0)) -> 4 | AM18: =IF(AL18=0,"-",INDEX($B$5:$B$12,AL18)) -> S2 | AN18: =IF(AL18=0,0,INDEX($E$5:$E$12,AL18)) -> 1900 | AO18: =IF(AL18=0,0,AN18-B18) -> 45 | AP18: =IF(OR(AL18=0,D18=0),0,AQ18/D18) -> 41142.857 | AQ18: {=IF(AL18=0,0,INDEX(Hitung2!AG28:AG35,AL18))} -> 864000 | AR18: =IF(A18="","",IF(AK18>0,AK18+(100-ROW())/1000000,-ROW())) -> 19200 | AS18: =IF(A18="","",RANK(AR18,$AR$17:$AR$24)) -> 1
A19: =IF(Dashboard!A17="","",Dashboard!A17) -> Crosley | B19: =IF(OR(A19="",Dashboard!B17=""),0,Dashboard!B17) -> 1595 | C19: =Dashboard!E17 -> Tersedia | D19: =IF(A19="",0,Setting!E46) -> 21 | E19: =IF(AND($A19<>"",$B19>0,$B$5<>"",$B19>=$E$5),$D$5,0) -> 300000 | F19: =IF(AND($A19<>"",$B19>0,$B$6<>"",$B19>=$E$6),$D$6,0) -> 0 | G19: =IF(AND($A19<>"",$B19>0,$B$7<>"",$B19>=$E$7),$D$7,0) -> 0 | H19: =IF(AND($A19<>"",$B19>0,$B$8<>"",$B19>=$E$8),$D$8,0) -> 0 | I19: =IF(AND($A19<>"",$B19>0,$B$9<>"",$B19>=$E$9),$D$9,0) -> 0 | J19: =IF(AND($A19<>"",$B19>0,$B$10<>"",$B19>=$E$10),$D$10,0) -> 0 | K19: =IF(AND($A19<>"",$B19>0,$B$11<>"",$B19>=$E$11),$D$11,0) -> 0 | L19: =IF(AND($A19<>"",$B19>0,$B$12<>"",$B19>=$E$12),$D$12,0) -> 0 | M19: =MAX(E19:L19) -> 300000 | N19: =IF(M19=0,0,MATCH(M19,E19:L19,0)) -> 1 | O19: =IF(E19>0,$L$5,0) -> 60000 | P19: =IF(F19>0,$L$6,0) -> 0 | Q19: =IF(G19>0,$L$7,0) -> 0 | R19: =IF(H19>0,$L$8,0) -> 0 | S19: =IF(I19>0,$L$9,0) -> 0 | T19: =IF(J19>0,$L$10,0) -> 0 | U19: =IF(K19>0,$L$11,0) -> 0 | V19: =IF(L19>0,$L$12,0) -> 0 | W19: =MAX(O19:V19) -> 60000 | X19: =IF(W19=0,0,MATCH(W19,O19:V19,0)) -> 1 | Y19: =IF(X19=0,"-",INDEX($B$5:$B$12,X19)) -> T2 | Z19: =IF(X19=0,0,INDEX($H$5:$H$12,X19)) -> 300000 | AA19: =IF(A19="","",IF(AND(C19="Tersedia",X19>0),Z19+(100-ROW())/10000000,-ROW())) -> 300000 | AB19: =IF(A19="","",RANK(AA19,$AA$17:$AA$24)) -> 2 | AK19: =MAX(Hitung2!AI36:AI43) -> 4158.4158 | AL19: =IF(AK19<=0,0,MATCH(AK19,Hitung2!AI36:AI43,0)) -> 2 | AM19: =IF(AL19=0,"-",INDEX($B$5:$B$12,AL19)) -> T3 | AN19: =IF(AL19=0,0,INDEX($E$5:$E$12,AL19)) -> 2100 | AO19: =IF(AL19=0,0,AN19-B19) -> 505 | AP19: =IF(OR(AL19=0,D19=0),0,AQ19/D19) -> 100000 | AQ19: {=IF(AL19=0,0,INDEX(Hitung2!AG36:AG43,AL19))} -> 2100000 | AR19: =IF(A19="","",IF(AK19>0,AK19+(100-ROW())/1000000,-ROW())) -> 4158.4159 | AS19: =IF(A19="","",RANK(AR19,$AR$17:$AR$24)) -> 3
A20: =IF(Dashboard!A18="","",Dashboard!A18) -> Nathanael | B20: =IF(OR(A20="",Dashboard!B18=""),0,Dashboard!B18) -> 1578 | C20: =Dashboard!E18 -> Tersedia | D20: =IF(A20="",0,Setting!E47) -> 21 | E20: =IF(AND($A20<>"",$B20>0,$B$5<>"",$B20>=$E$5),$D$5,0) -> 300000 | F20: =IF(AND($A20<>"",$B20>0,$B$6<>"",$B20>=$E$6),$D$6,0) -> 0 | G20: =IF(AND($A20<>"",$B20>0,$B$7<>"",$B20>=$E$7),$D$7,0) -> 0 | H20: =IF(AND($A20<>"",$B20>0,$B$8<>"",$B20>=$E$8),$D$8,0) -> 0 | I20: =IF(AND($A20<>"",$B20>0,$B$9<>"",$B20>=$E$9),$D$9,0) -> 0 | J20: =IF(AND($A20<>"",$B20>0,$B$10<>"",$B20>=$E$10),$D$10,0) -> 0 | K20: =IF(AND($A20<>"",$B20>0,$B$11<>"",$B20>=$E$11),$D$11,0) -> 0 | L20: =IF(AND($A20<>"",$B20>0,$B$12<>"",$B20>=$E$12),$D$12,0) -> 0 | M20: =MAX(E20:L20) -> 300000 | N20: =IF(M20=0,0,MATCH(M20,E20:L20,0)) -> 1 | O20: =IF(E20>0,$L$5,0) -> 60000 | P20: =IF(F20>0,$L$6,0) -> 0 | Q20: =IF(G20>0,$L$7,0) -> 0 | R20: =IF(H20>0,$L$8,0) -> 0 | S20: =IF(I20>0,$L$9,0) -> 0 | T20: =IF(J20>0,$L$10,0) -> 0 | U20: =IF(K20>0,$L$11,0) -> 0 | V20: =IF(L20>0,$L$12,0) -> 0 | W20: =MAX(O20:V20) -> 60000 | X20: =IF(W20=0,0,MATCH(W20,O20:V20,0)) -> 1 | Y20: =IF(X20=0,"-",INDEX($B$5:$B$12,X20)) -> T2 | Z20: =IF(X20=0,0,INDEX($H$5:$H$12,X20)) -> 300000 | AA20: =IF(A20="","",IF(AND(C20="Tersedia",X20>0),Z20+(100-ROW())/10000000,-ROW())) -> 300000 | AB20: =IF(A20="","",RANK(AA20,$AA$17:$AA$24)) -> 3 | AK20: =MAX(Hitung2!AI44:AI51) -> 4022.9885 | AL20: =IF(AK20<=0,0,MATCH(AK20,Hitung2!AI44:AI51,0)) -> 2 | AM20: =IF(AL20=0,"-",INDEX($B$5:$B$12,AL20)) -> T3 | AN20: =IF(AL20=0,0,INDEX($E$5:$E$12,AL20)) -> 2100 | AO20: =IF(AL20=0,0,AN20-B20) -> 522 | AP20: =IF(OR(AL20=0,D20=0),0,AQ20/D20) -> 100000 | AQ20: {=IF(AL20=0,0,INDEX(Hitung2!AG44:AG51,AL20))} -> 2100000 | AR20: =IF(A20="","",IF(AK20>0,AK20+(100-ROW())/1000000,-ROW())) -> 4022.9886 | AS20: =IF(A20="","",RANK(AR20,$AR$17:$AR$24)) -> 5
A21: =IF(Dashboard!A19="","",Dashboard!A19) -> Cicero | B21: =IF(OR(A21="",Dashboard!B19=""),0,Dashboard!B19) -> 1502 | C21: =Dashboard!E19 -> Tersedia | D21: =IF(A21="",0,Setting!E48) -> 21 | E21: =IF(AND($A21<>"",$B21>0,$B$5<>"",$B21>=$E$5),$D$5,0) -> 300000 | F21: =IF(AND($A21<>"",$B21>0,$B$6<>"",$B21>=$E$6),$D$6,0) -> 0 | G21: =IF(AND($A21<>"",$B21>0,$B$7<>"",$B21>=$E$7),$D$7,0) -> 0 | H21: =IF(AND($A21<>"",$B21>0,$B$8<>"",$B21>=$E$8),$D$8,0) -> 0 | I21: =IF(AND($A21<>"",$B21>0,$B$9<>"",$B21>=$E$9),$D$9,0) -> 0 | J21: =IF(AND($A21<>"",$B21>0,$B$10<>"",$B21>=$E$10),$D$10,0) -> 0 | K21: =IF(AND($A21<>"",$B21>0,$B$11<>"",$B21>=$E$11),$D$11,0) -> 0 | L21: =IF(AND($A21<>"",$B21>0,$B$12<>"",$B21>=$E$12),$D$12,0) -> 0 | M21: =MAX(E21:L21) -> 300000 | N21: =IF(M21=0,0,MATCH(M21,E21:L21,0)) -> 1 | O21: =IF(E21>0,$L$5,0) -> 60000 | P21: =IF(F21>0,$L$6,0) -> 0 | Q21: =IF(G21>0,$L$7,0) -> 0 | R21: =IF(H21>0,$L$8,0) -> 0 | S21: =IF(I21>0,$L$9,0) -> 0 | T21: =IF(J21>0,$L$10,0) -> 0 | U21: =IF(K21>0,$L$11,0) -> 0 | V21: =IF(L21>0,$L$12,0) -> 0 | W21: =MAX(O21:V21) -> 60000 | X21: =IF(W21=0,0,MATCH(W21,O21:V21,0)) -> 1 | Y21: =IF(X21=0,"-",INDEX($B$5:$B$12,X21)) -> T2 | Z21: =IF(X21=0,0,INDEX($H$5:$H$12,X21)) -> 300000 | AA21: =IF(A21="","",IF(AND(C21="Tersedia",X21>0),Z21+(100-ROW())/10000000,-ROW())) -> 300000 | AB21: =IF(A21="","",RANK(AA21,$AA$17:$AA$24)) -> 4 | AK21: =MAX(Hitung2!AI52:AI59) -> 3511.7057 | AL21: =IF(AK21<=0,0,MATCH(AK21,Hitung2!AI52:AI59,0)) -> 2 | AM21: =IF(AL21=0,"-",INDEX($B$5:$B$12,AL21)) -> T3 | AN21: =IF(AL21=0,0,INDEX($E$5:$E$12,AL21)) -> 2100 | AO21: =IF(AL21=0,0,AN21-B21) -> 598 | AP21: =IF(OR(AL21=0,D21=0),0,AQ21/D21) -> 100000 | AQ21: {=IF(AL21=0,0,INDEX(Hitung2!AG52:AG59,AL21))} -> 2100000 | AR21: =IF(A21="","",IF(AK21>0,AK21+(100-ROW())/1000000,-ROW())) -> 3511.7058 | AS21: =IF(A21="","",RANK(AR21,$AR$17:$AR$24)) -> 7
A22: =IF(Dashboard!A20="","",Dashboard!A20) -> Seneca | B22: =IF(OR(A22="",Dashboard!B20=""),0,Dashboard!B20) -> 1604 | C22: =Dashboard!E20 -> Tersedia | D22: =IF(A22="",0,Setting!E49) -> 21 | E22: =IF(AND($A22<>"",$B22>0,$B$5<>"",$B22>=$E$5),$D$5,0) -> 300000 | F22: =IF(AND($A22<>"",$B22>0,$B$6<>"",$B22>=$E$6),$D$6,0) -> 0 | G22: =IF(AND($A22<>"",$B22>0,$B$7<>"",$B22>=$E$7),$D$7,0) -> 300000 | H22: =IF(AND($A22<>"",$B22>0,$B$8<>"",$B22>=$E$8),$D$8,0) -> 0 | I22: =IF(AND($A22<>"",$B22>0,$B$9<>"",$B22>=$E$9),$D$9,0) -> 0 | J22: =IF(AND($A22<>"",$B22>0,$B$10<>"",$B22>=$E$10),$D$10,0) -> 0 | K22: =IF(AND($A22<>"",$B22>0,$B$11<>"",$B22>=$E$11),$D$11,0) -> 0 | L22: =IF(AND($A22<>"",$B22>0,$B$12<>"",$B22>=$E$12),$D$12,0) -> 0 | M22: =MAX(E22:L22) -> 300000 | N22: =IF(M22=0,0,MATCH(M22,E22:L22,0)) -> 1 | O22: =IF(E22>0,$L$5,0) -> 60000 | P22: =IF(F22>0,$L$6,0) -> 0 | Q22: =IF(G22>0,$L$7,0) -> 240000 | R22: =IF(H22>0,$L$8,0) -> 0 | S22: =IF(I22>0,$L$9,0) -> 0 | T22: =IF(J22>0,$L$10,0) -> 0 | U22: =IF(K22>0,$L$11,0) -> 0 | V22: =IF(L22>0,$L$12,0) -> 0 | W22: =MAX(O22:V22) -> 240000 | X22: =IF(W22=0,0,MATCH(W22,O22:V22,0)) -> 3 | Y22: =IF(X22=0,"-",INDEX($B$5:$B$12,X22)) -> S1 | Z22: =IF(X22=0,0,INDEX($H$5:$H$12,X22)) -> 300000 | AA22: =IF(A22="","",IF(AND(C22="Tersedia",X22>0),Z22+(100-ROW())/10000000,-ROW())) -> 300000 | AB22: =IF(A22="","",RANK(AA22,$AA$17:$AA$24)) -> 5 | AK22: =MAX(Hitung2!AI60:AI67) -> 7137.0968 | AL22: =IF(AK22<=0,0,MATCH(AK22,Hitung2!AI60:AI67,0)) -> 2 | AM22: =IF(AL22=0,"-",INDEX($B$5:$B$12,AL22)) -> T3 | AN22: =IF(AL22=0,0,INDEX($E$5:$E$12,AL22)) -> 2100 | AO22: =IF(AL22=0,0,AN22-B22) -> 496 | AP22: =IF(OR(AL22=0,D22=0),0,AQ22/D22) -> 168571.43 | AQ22: {=IF(AL22=0,0,INDEX(Hitung2!AG60:AG67,AL22))} -> 3540000 | AR22: =IF(A22="","",IF(AK22>0,AK22+(100-ROW())/1000000,-ROW())) -> 7137.0969 | AS22: =IF(A22="","",RANK(AR22,$AR$17:$AR$24)) -> 2
A23: =IF(Dashboard!A21="","",Dashboard!A21) -> Averroes | B23: =IF(OR(A23="",Dashboard!B21=""),0,Dashboard!B21) -> 1595 | C23: =Dashboard!E21 -> Tersedia | D23: =IF(A23="",0,Setting!E50) -> 21 | E23: =IF(AND($A23<>"",$B23>0,$B$5<>"",$B23>=$E$5),$D$5,0) -> 300000 | F23: =IF(AND($A23<>"",$B23>0,$B$6<>"",$B23>=$E$6),$D$6,0) -> 0 | G23: =IF(AND($A23<>"",$B23>0,$B$7<>"",$B23>=$E$7),$D$7,0) -> 0 | H23: =IF(AND($A23<>"",$B23>0,$B$8<>"",$B23>=$E$8),$D$8,0) -> 0 | I23: =IF(AND($A23<>"",$B23>0,$B$9<>"",$B23>=$E$9),$D$9,0) -> 0 | J23: =IF(AND($A23<>"",$B23>0,$B$10<>"",$B23>=$E$10),$D$10,0) -> 0 | K23: =IF(AND($A23<>"",$B23>0,$B$11<>"",$B23>=$E$11),$D$11,0) -> 0 | L23: =IF(AND($A23<>"",$B23>0,$B$12<>"",$B23>=$E$12),$D$12,0) -> 0 | M23: =MAX(E23:L23) -> 300000 | N23: =IF(M23=0,0,MATCH(M23,E23:L23,0)) -> 1 | O23: =IF(E23>0,$L$5,0) -> 60000 | P23: =IF(F23>0,$L$6,0) -> 0 | Q23: =IF(G23>0,$L$7,0) -> 0 | R23: =IF(H23>0,$L$8,0) -> 0 | S23: =IF(I23>0,$L$9,0) -> 0 | T23: =IF(J23>0,$L$10,0) -> 0 | U23: =IF(K23>0,$L$11,0) -> 0 | V23: =IF(L23>0,$L$12,0) -> 0 | W23: =MAX(O23:V23) -> 60000 | X23: =IF(W23=0,0,MATCH(W23,O23:V23,0)) -> 1 | Y23: =IF(X23=0,"-",INDEX($B$5:$B$12,X23)) -> T2 | Z23: =IF(X23=0,0,INDEX($H$5:$H$12,X23)) -> 300000 | AA23: =IF(A23="","",IF(AND(C23="Tersedia",X23>0),Z23+(100-ROW())/10000000,-ROW())) -> 300000 | AB23: =IF(A23="","",RANK(AA23,$AA$17:$AA$24)) -> 6 | AK23: =MAX(Hitung2!AI68:AI75) -> 4158.4158 | AL23: =IF(AK23<=0,0,MATCH(AK23,Hitung2!AI68:AI75,0)) -> 2 | AM23: =IF(AL23=0,"-",INDEX($B$5:$B$12,AL23)) -> T3 | AN23: =IF(AL23=0,0,INDEX($E$5:$E$12,AL23)) -> 2100 | AO23: =IF(AL23=0,0,AN23-B23) -> 505 | AP23: =IF(OR(AL23=0,D23=0),0,AQ23/D23) -> 100000 | AQ23: {=IF(AL23=0,0,INDEX(Hitung2!AG68:AG75,AL23))} -> 2100000 | AR23: =IF(A23="","",IF(AK23>0,AK23+(100-ROW())/1000000,-ROW())) -> 4158.4159 | AS23: =IF(A23="","",RANK(AR23,$AR$17:$AR$24)) -> 4
A24: =IF(Dashboard!A22="","",Dashboard!A22) -> Claudius | B24: =IF(OR(A24="",Dashboard!B22=""),0,Dashboard!B22) -> 1558 | C24: =Dashboard!E22 -> Tersedia | D24: =IF(A24="",0,Setting!E51) -> 21 | E24: =IF(AND($A24<>"",$B24>0,$B$5<>"",$B24>=$E$5),$D$5,0) -> 300000 | F24: =IF(AND($A24<>"",$B24>0,$B$6<>"",$B24>=$E$6),$D$6,0) -> 0 | G24: =IF(AND($A24<>"",$B24>0,$B$7<>"",$B24>=$E$7),$D$7,0) -> 0 | H24: =IF(AND($A24<>"",$B24>0,$B$8<>"",$B24>=$E$8),$D$8,0) -> 0 | I24: =IF(AND($A24<>"",$B24>0,$B$9<>"",$B24>=$E$9),$D$9,0) -> 0 | J24: =IF(AND($A24<>"",$B24>0,$B$10<>"",$B24>=$E$10),$D$10,0) -> 0 | K24: =IF(AND($A24<>"",$B24>0,$B$11<>"",$B24>=$E$11),$D$11,0) -> 0 | L24: =IF(AND($A24<>"",$B24>0,$B$12<>"",$B24>=$E$12),$D$12,0) -> 0 | M24: =MAX(E24:L24) -> 300000 | N24: =IF(M24=0,0,MATCH(M24,E24:L24,0)) -> 1 | O24: =IF(E24>0,$L$5,0) -> 60000 | P24: =IF(F24>0,$L$6,0) -> 0 | Q24: =IF(G24>0,$L$7,0) -> 0 | R24: =IF(H24>0,$L$8,0) -> 0 | S24: =IF(I24>0,$L$9,0) -> 0 | T24: =IF(J24>0,$L$10,0) -> 0 | U24: =IF(K24>0,$L$11,0) -> 0 | V24: =IF(L24>0,$L$12,0) -> 0 | W24: =MAX(O24:V24) -> 60000 | X24: =IF(W24=0,0,MATCH(W24,O24:V24,0)) -> 1 | Y24: =IF(X24=0,"-",INDEX($B$5:$B$12,X24)) -> T2 | Z24: =IF(X24=0,0,INDEX($H$5:$H$12,X24)) -> 300000 | AA24: =IF(A24="","",IF(AND(C24="Tersedia",X24>0),Z24+(100-ROW())/10000000,-ROW())) -> 300000 | AB24: =IF(A24="","",RANK(AA24,$AA$17:$AA$24)) -> 7 | AK24: =MAX(Hitung2!AI76:AI83) -> 3874.5387 | AL24: =IF(AK24<=0,0,MATCH(AK24,Hitung2!AI76:AI83,0)) -> 2 | AM24: =IF(AL24=0,"-",INDEX($B$5:$B$12,AL24)) -> T3 | AN24: =IF(AL24=0,0,INDEX($E$5:$E$12,AL24)) -> 2100 | AO24: =IF(AL24=0,0,AN24-B24) -> 542 | AP24: =IF(OR(AL24=0,D24=0),0,AQ24/D24) -> 100000 | AQ24: {=IF(AL24=0,0,INDEX(Hitung2!AG76:AG83,AL24))} -> 2100000 | AR24: =IF(A24="","",IF(AK24>0,AK24+(100-ROW())/1000000,-ROW())) -> 3874.5388 | AS24: =IF(A24="","",RANK(AR24,$AR$17:$AR$24)) -> 6

Sheet Hitung2
A1: Hitung2 (mesin: tambahan kina tepat jika satu karakter pindah ke mode lebih tinggi)
A2: Tidak perlu dibuka atau diedit. Membandingkan total rencana sekarang vs rencana jika satu karakter pindah mode, dengan bracket penuh.
A3: Matriks urutan: 1 = mode kolom dimainkan SEBELUM mode baris (kategori sama, reward lebih tinggi / urutan lebih awal)
A4: Mode | B4: m1 | C4: m2 | D4: m3 | E4: m4 | F4: m5 | G4: m6 | H4: m7 | I4: m8 | AK4: pos x | AL4: Conquest | AM4: Transcend
A5: =Hitung!B5 -> T2 | B5: =IF(AND(Hitung!$B5<>"",Hitung!$B5<>"",Hitung!$C5=Hitung!$C5,OR(Hitung!$D5>Hitung!$D5,AND(Hitung!$D5=Hitung!$D5,Hitung!$A5<Hitung!$A5))),1,0) -> 0 | C5: =IF(AND(Hitung!$B5<>"",Hitung!$B6<>"",Hitung!$C5=Hitung!$C6,OR(Hitung!$D6>Hitung!$D5,AND(Hitung!$D6=Hitung!$D5,Hitung!$A6<Hitung!$A5))),1,0) -> 1 | D5: =IF(AND(Hitung!$B5<>"",Hitung!$B7<>"",Hitung!$C5=Hitung!$C7,OR(Hitung!$D7>Hitung!$D5,AND(Hitung!$D7=Hitung!$D5,Hitung!$A7<Hitung!$A5))),1,0) -> 0 | E5: =IF(AND(Hitung!$B5<>"",Hitung!$B8<>"",Hitung!$C5=Hitung!$C8,OR(Hitung!$D8>Hitung!$D5,AND(Hitung!$D8=Hitung!$D5,Hitung!$A8<Hitung!$A5))),1,0) -> 0 | F5: =IF(AND(Hitung!$B5<>"",Hitung!$B9<>"",Hitung!$C5=Hitung!$C9,OR(Hitung!$D9>Hitung!$D5,AND(Hitung!$D9=Hitung!$D5,Hitung!$A9<Hitung!$A5))),1,0) -> 0 | G5: =IF(AND(Hitung!$B5<>"",Hitung!$B10<>"",Hitung!$C5=Hitung!$C10,OR(Hitung!$D10>Hitung!$D5,AND(Hitung!$D10=Hitung!$D5,Hitung!$A10<Hitung!$A5))),1,0) -> 0 | H5: =IF(AND(Hitung!$B5<>"",Hitung!$B11<>"",Hitung!$C5=Hitung!$C11,OR(Hitung!$D11>Hitung!$D5,AND(Hitung!$D11=Hitung!$D5,Hitung!$A11<Hitung!$A5))),1,0) -> 0 | I5: =IF(AND(Hitung!$B5<>"",Hitung!$B12<>"",Hitung!$C5=Hitung!$C12,OR(Hitung!$D12>Hitung!$D5,AND(Hitung!$D12=Hitung!$D5,Hitung!$A12<Hitung!$A5))),1,0) -> 0 | AK5: 0 | AL5: 0 | AM5: 0
A6: =Hitung!B6 -> T3 | B6: =IF(AND(Hitung!$B6<>"",Hitung!$B5<>"",Hitung!$C6=Hitung!$C5,OR(Hitung!$D5>Hitung!$D6,AND(Hitung!$D5=Hitung!$D6,Hitung!$A5<Hitung!$A6))),1,0) -> 0 | C6: =IF(AND(Hitung!$B6<>"",Hitung!$B6<>"",Hitung!$C6=Hitung!$C6,OR(Hitung!$D6>Hitung!$D6,AND(Hitung!$D6=Hitung!$D6,Hitung!$A6<Hitung!$A6))),1,0) -> 0 | D6: =IF(AND(Hitung!$B6<>"",Hitung!$B7<>"",Hitung!$C6=Hitung!$C7,OR(Hitung!$D7>Hitung!$D6,AND(Hitung!$D7=Hitung!$D6,Hitung!$A7<Hitung!$A6))),1,0) -> 0 | E6: =IF(AND(Hitung!$B6<>"",Hitung!$B8<>"",Hitung!$C6=Hitung!$C8,OR(Hitung!$D8>Hitung!$D6,AND(Hitung!$D8=Hitung!$D6,Hitung!$A8<Hitung!$A6))),1,0) -> 0 | F6: =IF(AND(Hitung!$B6<>"",Hitung!$B9<>"",Hitung!$C6=Hitung!$C9,OR(Hitung!$D9>Hitung!$D6,AND(Hitung!$D9=Hitung!$D6,Hitung!$A9<Hitung!$A6))),1,0) -> 0 | G6: =IF(AND(Hitung!$B6<>"",Hitung!$B10<>"",Hitung!$C6=Hitung!$C10,OR(Hitung!$D10>Hitung!$D6,AND(Hitung!$D10=Hitung!$D6,Hitung!$A10<Hitung!$A6))),1,0) -> 0 | H6: =IF(AND(Hitung!$B6<>"",Hitung!$B11<>"",Hitung!$C6=Hitung!$C11,OR(Hitung!$D11>Hitung!$D6,AND(Hitung!$D11=Hitung!$D6,Hitung!$A11<Hitung!$A6))),1,0) -> 0 | I6: =IF(AND(Hitung!$B6<>"",Hitung!$B12<>"",Hitung!$C6=Hitung!$C12,OR(Hitung!$D12>Hitung!$D6,AND(Hitung!$D12=Hitung!$D6,Hitung!$A12<Hitung!$A6))),1,0) -> 0 | AK6: 1 | AL6: =AL5+SUMIFS(Setting!$E$30:$E$39,Setting!$A$30:$A$39,AL$4,Setting!$C$30:$C$39,"<="&($AK6-1),Setting!$D$30:$D$39,">="&($AK6-1)) -> 1 | AM6: =AM5+SUMIFS(Setting!$E$30:$E$39,Setting!$A$30:$A$39,AM$4,Setting!$C$30:$C$39,"<="&($AK6-1),Setting!$D$30:$D$39,">="&($AK6-1)) -> 1
A7: =Hitung!B7 -> S1 | B7: =IF(AND(Hitung!$B7<>"",Hitung!$B5<>"",Hitung!$C7=Hitung!$C5,OR(Hitung!$D5>Hitung!$D7,AND(Hitung!$D5=Hitung!$D7,Hitung!$A5<Hitung!$A7))),1,0) -> 0 | C7: =IF(AND(Hitung!$B7<>"",Hitung!$B6<>"",Hitung!$C7=Hitung!$C6,OR(Hitung!$D6>Hitung!$D7,AND(Hitung!$D6=Hitung!$D7,Hitung!$A6<Hitung!$A7))),1,0) -> 0 | D7: =IF(AND(Hitung!$B7<>"",Hitung!$B7<>"",Hitung!$C7=Hitung!$C7,OR(Hitung!$D7>Hitung!$D7,AND(Hitung!$D7=Hitung!$D7,Hitung!$A7<Hitung!$A7))),1,0) -> 0 | E7: =IF(AND(Hitung!$B7<>"",Hitung!$B8<>"",Hitung!$C7=Hitung!$C8,OR(Hitung!$D8>Hitung!$D7,AND(Hitung!$D8=Hitung!$D7,Hitung!$A8<Hitung!$A7))),1,0) -> 1 | F7: =IF(AND(Hitung!$B7<>"",Hitung!$B9<>"",Hitung!$C7=Hitung!$C9,OR(Hitung!$D9>Hitung!$D7,AND(Hitung!$D9=Hitung!$D7,Hitung!$A9<Hitung!$A7))),1,0) -> 1 | G7: =IF(AND(Hitung!$B7<>"",Hitung!$B10<>"",Hitung!$C7=Hitung!$C10,OR(Hitung!$D10>Hitung!$D7,AND(Hitung!$D10=Hitung!$D7,Hitung!$A10<Hitung!$A7))),1,0) -> 1 | H7: =IF(AND(Hitung!$B7<>"",Hitung!$B11<>"",Hitung!$C7=Hitung!$C11,OR(Hitung!$D11>Hitung!$D7,AND(Hitung!$D11=Hitung!$D7,Hitung!$A11<Hitung!$A7))),1,0) -> 0 | I7: =IF(AND(Hitung!$B7<>"",Hitung!$B12<>"",Hitung!$C7=Hitung!$C12,OR(Hitung!$D12>Hitung!$D7,AND(Hitung!$D12=Hitung!$D7,Hitung!$A12<Hitung!$A7))),1,0) -> 0 | AK7: 2 | AL7: =AL6+SUMIFS(Setting!$E$30:$E$39,Setting!$A$30:$A$39,AL$4,Setting!$C$30:$C$39,"<="&($AK7-1),Setting!$D$30:$D$39,">="&($AK7-1)) -> 2 | AM7: =AM6+SUMIFS(Setting!$E$30:$E$39,Setting!$A$30:$A$39,AM$4,Setting!$C$30:$C$39,"<="&($AK7-1),Setting!$D$30:$D$39,">="&($AK7-1)) -> 2
A8: =Hitung!B8 -> S2 | B8: =IF(AND(Hitung!$B8<>"",Hitung!$B5<>"",Hitung!$C8=Hitung!$C5,OR(Hitung!$D5>Hitung!$D8,AND(Hitung!$D5=Hitung!$D8,Hitung!$A5<Hitung!$A8))),1,0) -> 0 | C8: =IF(AND(Hitung!$B8<>"",Hitung!$B6<>"",Hitung!$C8=Hitung!$C6,OR(Hitung!$D6>Hitung!$D8,AND(Hitung!$D6=Hitung!$D8,Hitung!$A6<Hitung!$A8))),1,0) -> 0 | D8: =IF(AND(Hitung!$B8<>"",Hitung!$B7<>"",Hitung!$C8=Hitung!$C7,OR(Hitung!$D7>Hitung!$D8,AND(Hitung!$D7=Hitung!$D8,Hitung!$A7<Hitung!$A8))),1,0) -> 0 | E8: =IF(AND(Hitung!$B8<>"",Hitung!$B8<>"",Hitung!$C8=Hitung!$C8,OR(Hitung!$D8>Hitung!$D8,AND(Hitung!$D8=Hitung!$D8,Hitung!$A8<Hitung!$A8))),1,0) -> 0 | F8: =IF(AND(Hitung!$B8<>"",Hitung!$B9<>"",Hitung!$C8=Hitung!$C9,OR(Hitung!$D9>Hitung!$D8,AND(Hitung!$D9=Hitung!$D8,Hitung!$A9<Hitung!$A8))),1,0) -> 1 | G8: =IF(AND(Hitung!$B8<>"",Hitung!$B10<>"",Hitung!$C8=Hitung!$C10,OR(Hitung!$D10>Hitung!$D8,AND(Hitung!$D10=Hitung!$D8,Hitung!$A10<Hitung!$A8))),1,0) -> 1 | H8: =IF(AND(Hitung!$B8<>"",Hitung!$B11<>"",Hitung!$C8=Hitung!$C11,OR(Hitung!$D11>Hitung!$D8,AND(Hitung!$D11=Hitung!$D8,Hitung!$A11<Hitung!$A8))),1,0) -> 0 | I8: =IF(AND(Hitung!$B8<>"",Hitung!$B12<>"",Hitung!$C8=Hitung!$C12,OR(Hitung!$D12>Hitung!$D8,AND(Hitung!$D12=Hitung!$D8,Hitung!$A12<Hitung!$A8))),1,0) -> 0 | AK8: 3 | AL8: =AL7+SUMIFS(Setting!$E$30:$E$39,Setting!$A$30:$A$39,AL$4,Setting!$C$30:$C$39,"<="&($AK8-1),Setting!$D$30:$D$39,">="&($AK8-1)) -> 3 | AM8: =AM7+SUMIFS(Setting!$E$30:$E$39,Setting!$A$30:$A$39,AM$4,Setting!$C$30:$C$39,"<="&($AK8-1),Setting!$D$30:$D$39,">="&($AK8-1)) -> 3
A9: =Hitung!B9 -> S3 | B9: =IF(AND(Hitung!$B9<>"",Hitung!$B5<>"",Hitung!$C9=Hitung!$C5,OR(Hitung!$D5>Hitung!$D9,AND(Hitung!$D5=Hitung!$D9,Hitung!$A5<Hitung!$A9))),1,0) -> 0 | C9: =IF(AND(Hitung!$B9<>"",Hitung!$B6<>"",Hitung!$C9=Hitung!$C6,OR(Hitung!$D6>Hitung!$D9,AND(Hitung!$D6=Hitung!$D9,Hitung!$A6<Hitung!$A9))),1,0) -> 0 | D9: =IF(AND(Hitung!$B9<>"",Hitung!$B7<>"",Hitung!$C9=Hitung!$C7,OR(Hitung!$D7>Hitung!$D9,AND(Hitung!$D7=Hitung!$D9,Hitung!$A7<Hitung!$A9))),1,0) -> 0 | E9: =IF(AND(Hitung!$B9<>"",Hitung!$B8<>"",Hitung!$C9=Hitung!$C8,OR(Hitung!$D8>Hitung!$D9,AND(Hitung!$D8=Hitung!$D9,Hitung!$A8<Hitung!$A9))),1,0) -> 0 | F9: =IF(AND(Hitung!$B9<>"",Hitung!$B9<>"",Hitung!$C9=Hitung!$C9,OR(Hitung!$D9>Hitung!$D9,AND(Hitung!$D9=Hitung!$D9,Hitung!$A9<Hitung!$A9))),1,0) -> 0 | G9: =IF(AND(Hitung!$B9<>"",Hitung!$B10<>"",Hitung!$C9=Hitung!$C10,OR(Hitung!$D10>Hitung!$D9,AND(Hitung!$D10=Hitung!$D9,Hitung!$A10<Hitung!$A9))),1,0) -> 1 | H9: =IF(AND(Hitung!$B9<>"",Hitung!$B11<>"",Hitung!$C9=Hitung!$C11,OR(Hitung!$D11>Hitung!$D9,AND(Hitung!$D11=Hitung!$D9,Hitung!$A11<Hitung!$A9))),1,0) -> 0 | I9: =IF(AND(Hitung!$B9<>"",Hitung!$B12<>"",Hitung!$C9=Hitung!$C12,OR(Hitung!$D12>Hitung!$D9,AND(Hitung!$D12=Hitung!$D9,Hitung!$A12<Hitung!$A9))),1,0) -> 0 | AK9: 4 | AL9: =AL8+SUMIFS(Setting!$E$30:$E$39,Setting!$A$30:$A$39,AL$4,Setting!$C$30:$C$39,"<="&($AK9-1),Setting!$D$30:$D$39,">="&($AK9-1)) -> 4 | AM9: =AM8+SUMIFS(Setting!$E$30:$E$39,Setting!$A$30:$A$39,AM$4,Setting!$C$30:$C$39,"<="&($AK9-1),Setting!$D$30:$D$39,">="&($AK9-1)) -> 4
A10: =Hitung!B10 -> S4 | B10: =IF(AND(Hitung!$B10<>"",Hitung!$B5<>"",Hitung!$C10=Hitung!$C5,OR(Hitung!$D5>Hitung!$D10,AND(Hitung!$D5=Hitung!$D10,Hitung!$A5<Hitung!$A10))),1,0) -> 0 | C10: =IF(AND(Hitung!$B10<>"",Hitung!$B6<>"",Hitung!$C10=Hitung!$C6,OR(Hitung!$D6>Hitung!$D10,AND(Hitung!$D6=Hitung!$D10,Hitung!$A6<Hitung!$A10))),1,0) -> 0 | D10: =IF(AND(Hitung!$B10<>"",Hitung!$B7<>"",Hitung!$C10=Hitung!$C7,OR(Hitung!$D7>Hitung!$D10,AND(Hitung!$D7=Hitung!$D10,Hitung!$A7<Hitung!$A10))),1,0) -> 0 | E10: =IF(AND(Hitung!$B10<>"",Hitung!$B8<>"",Hitung!$C10=Hitung!$C8,OR(Hitung!$D8>Hitung!$D10,AND(Hitung!$D8=Hitung!$D10,Hitung!$A8<Hitung!$A10))),1,0) -> 0 | F10: =IF(AND(Hitung!$B10<>"",Hitung!$B9<>"",Hitung!$C10=Hitung!$C9,OR(Hitung!$D9>Hitung!$D10,AND(Hitung!$D9=Hitung!$D10,Hitung!$A9<Hitung!$A10))),1,0) -> 0 | G10: =IF(AND(Hitung!$B10<>"",Hitung!$B10<>"",Hitung!$C10=Hitung!$C10,OR(Hitung!$D10>Hitung!$D10,AND(Hitung!$D10=Hitung!$D10,Hitung!$A10<Hitung!$A10))),1,0) -> 0 | H10: =IF(AND(Hitung!$B10<>"",Hitung!$B11<>"",Hitung!$C10=Hitung!$C11,OR(Hitung!$D11>Hitung!$D10,AND(Hitung!$D11=Hitung!$D10,Hitung!$A11<Hitung!$A10))),1,0) -> 0 | I10: =IF(AND(Hitung!$B10<>"",Hitung!$B12<>"",Hitung!$C10=Hitung!$C12,OR(Hitung!$D12>Hitung!$D10,AND(Hitung!$D12=Hitung!$D10,Hitung!$A12<Hitung!$A10))),1,0) -> 0 | AK10: 5 | AL10: =AL9+SUMIFS(Setting!$E$30:$E$39,Setting!$A$30:$A$39,AL$4,Setting!$C$30:$C$39,"<="&($AK10-1),Setting!$D$30:$D$39,">="&($AK10-1)) -> 5 | AM10: =AM9+SUMIFS(Setting!$E$30:$E$39,Setting!$A$30:$A$39,AM$4,Setting!$C$30:$C$39,"<="&($AK10-1),Setting!$D$30:$D$39,">="&($AK10-1)) -> 5
A11: =Hitung!B11 | B11: =IF(AND(Hitung!$B11<>"",Hitung!$B5<>"",Hitung!$C11=Hitung!$C5,OR(Hitung!$D5>Hitung!$D11,AND(Hitung!$D5=Hitung!$D11,Hitung!$A5<Hitung!$A11))),1,0) -> 0 | C11: =IF(AND(Hitung!$B11<>"",Hitung!$B6<>"",Hitung!$C11=Hitung!$C6,OR(Hitung!$D6>Hitung!$D11,AND(Hitung!$D6=Hitung!$D11,Hitung!$A6<Hitung!$A11))),1,0) -> 0 | D11: =IF(AND(Hitung!$B11<>"",Hitung!$B7<>"",Hitung!$C11=Hitung!$C7,OR(Hitung!$D7>Hitung!$D11,AND(Hitung!$D7=Hitung!$D11,Hitung!$A7<Hitung!$A11))),1,0) -> 0 | E11: =IF(AND(Hitung!$B11<>"",Hitung!$B8<>"",Hitung!$C11=Hitung!$C8,OR(Hitung!$D8>Hitung!$D11,AND(Hitung!$D8=Hitung!$D11,Hitung!$A8<Hitung!$A11))),1,0) -> 0 | F11: =IF(AND(Hitung!$B11<>"",Hitung!$B9<>"",Hitung!$C11=Hitung!$C9,OR(Hitung!$D9>Hitung!$D11,AND(Hitung!$D9=Hitung!$D11,Hitung!$A9<Hitung!$A11))),1,0) -> 0 | G11: =IF(AND(Hitung!$B11<>"",Hitung!$B10<>"",Hitung!$C11=Hitung!$C10,OR(Hitung!$D10>Hitung!$D11,AND(Hitung!$D10=Hitung!$D11,Hitung!$A10<Hitung!$A11))),1,0) -> 0 | H11: =IF(AND(Hitung!$B11<>"",Hitung!$B11<>"",Hitung!$C11=Hitung!$C11,OR(Hitung!$D11>Hitung!$D11,AND(Hitung!$D11=Hitung!$D11,Hitung!$A11<Hitung!$A11))),1,0) -> 0 | I11: =IF(AND(Hitung!$B11<>"",Hitung!$B12<>"",Hitung!$C11=Hitung!$C12,OR(Hitung!$D12>Hitung!$D11,AND(Hitung!$D12=Hitung!$D11,Hitung!$A12<Hitung!$A11))),1,0) -> 0 | AK11: 6 | AL11: =AL10+SUMIFS(Setting!$E$30:$E$39,Setting!$A$30:$A$39,AL$4,Setting!$C$30:$C$39,"<="&($AK11-1),Setting!$D$30:$D$39,">="&($AK11-1)) -> 6 | AM11: =AM10+SUMIFS(Setting!$E$30:$E$39,Setting!$A$30:$A$39,AM$4,Setting!$C$30:$C$39,"<="&($AK11-1),Setting!$D$30:$D$39,">="&($AK11-1)) -> 6
A12: =Hitung!B12 | B12: =IF(AND(Hitung!$B12<>"",Hitung!$B5<>"",Hitung!$C12=Hitung!$C5,OR(Hitung!$D5>Hitung!$D12,AND(Hitung!$D5=Hitung!$D12,Hitung!$A5<Hitung!$A12))),1,0) -> 0 | C12: =IF(AND(Hitung!$B12<>"",Hitung!$B6<>"",Hitung!$C12=Hitung!$C6,OR(Hitung!$D6>Hitung!$D12,AND(Hitung!$D6=Hitung!$D12,Hitung!$A6<Hitung!$A12))),1,0) -> 0 | D12: =IF(AND(Hitung!$B12<>"",Hitung!$B7<>"",Hitung!$C12=Hitung!$C7,OR(Hitung!$D7>Hitung!$D12,AND(Hitung!$D7=Hitung!$D12,Hitung!$A7<Hitung!$A12))),1,0) -> 0 | E12: =IF(AND(Hitung!$B12<>"",Hitung!$B8<>"",Hitung!$C12=Hitung!$C8,OR(Hitung!$D8>Hitung!$D12,AND(Hitung!$D8=Hitung!$D12,Hitung!$A8<Hitung!$A12))),1,0) -> 0 | F12: =IF(AND(Hitung!$B12<>"",Hitung!$B9<>"",Hitung!$C12=Hitung!$C9,OR(Hitung!$D9>Hitung!$D12,AND(Hitung!$D9=Hitung!$D12,Hitung!$A9<Hitung!$A12))),1,0) -> 0 | G12: =IF(AND(Hitung!$B12<>"",Hitung!$B10<>"",Hitung!$C12=Hitung!$C10,OR(Hitung!$D10>Hitung!$D12,AND(Hitung!$D10=Hitung!$D12,Hitung!$A10<Hitung!$A12))),1,0) -> 0 | H12: =IF(AND(Hitung!$B12<>"",Hitung!$B11<>"",Hitung!$C12=Hitung!$C11,OR(Hitung!$D11>Hitung!$D12,AND(Hitung!$D11=Hitung!$D12,Hitung!$A11<Hitung!$A12))),1,0) -> 0 | I12: =IF(AND(Hitung!$B12<>"",Hitung!$B12<>"",Hitung!$C12=Hitung!$C12,OR(Hitung!$D12>Hitung!$D12,AND(Hitung!$D12=Hitung!$D12,Hitung!$A12<Hitung!$A12))),1,0) -> 0 | AK12: 7 | AL12: =AL11+SUMIFS(Setting!$E$30:$E$39,Setting!$A$30:$A$39,AL$4,Setting!$C$30:$C$39,"<="&($AK12-1),Setting!$D$30:$D$39,">="&($AK12-1)) -> 7 | AM12: =AM11+SUMIFS(Setting!$E$30:$E$39,Setting!$A$30:$A$39,AM$4,Setting!$C$30:$C$39,"<="&($AK12-1),Setting!$D$30:$D$39,">="&($AK12-1)) -> 7
AK13: 8 | AL13: =AL12+SUMIFS(Setting!$E$30:$E$39,Setting!$A$30:$A$39,AL$4,Setting!$C$30:$C$39,"<="&($AK13-1),Setting!$D$30:$D$39,">="&($AK13-1)) -> 8 | AM13: =AM12+SUMIFS(Setting!$E$30:$E$39,Setting!$A$30:$A$39,AM$4,Setting!$C$30:$C$39,"<="&($AK13-1),Setting!$D$30:$D$39,">="&($AK13-1)) -> 8
AK14: 9 | AL14: =AL13+SUMIFS(Setting!$E$30:$E$39,Setting!$A$30:$A$39,AL$4,Setting!$C$30:$C$39,"<="&($AK14-1),Setting!$D$30:$D$39,">="&($AK14-1)) -> 9 | AM14: =AM13+SUMIFS(Setting!$E$30:$E$39,Setting!$A$30:$A$39,AM$4,Setting!$C$30:$C$39,"<="&($AK14-1),Setting!$D$30:$D$39,">="&($AK14-1)) -> 9
AK15: 10 | AL15: =AL14+SUMIFS(Setting!$E$30:$E$39,Setting!$A$30:$A$39,AL$4,Setting!$C$30:$C$39,"<="&($AK15-1),Setting!$D$30:$D$39,">="&($AK15-1)) -> 10 | AM15: =AM14+SUMIFS(Setting!$E$30:$E$39,Setting!$A$30:$A$39,AM$4,Setting!$C$30:$C$39,"<="&($AK15-1),Setting!$D$30:$D$39,">="&($AK15-1)) -> 10
AK16: 11 | AL16: =AL15+SUMIFS(Setting!$E$30:$E$39,Setting!$A$30:$A$39,AL$4,Setting!$C$30:$C$39,"<="&($AK16-1),Setting!$D$30:$D$39,">="&($AK16-1)) -> 11 | AM16: =AM15+SUMIFS(Setting!$E$30:$E$39,Setting!$A$30:$A$39,AM$4,Setting!$C$30:$C$39,"<="&($AK16-1),Setting!$D$30:$D$39,">="&($AK16-1)) -> 11
AK17: 12 | AL17: =AL16+SUMIFS(Setting!$E$30:$E$39,Setting!$A$30:$A$39,AL$4,Setting!$C$30:$C$39,"<="&($AK17-1),Setting!$D$30:$D$39,">="&($AK17-1)) -> 12 | AM17: =AM16+SUMIFS(Setting!$E$30:$E$39,Setting!$A$30:$A$39,AM$4,Setting!$C$30:$C$39,"<="&($AK17-1),Setting!$D$30:$D$39,">="&($AK17-1)) -> 12
AK18: 13 | AL18: =AL17+SUMIFS(Setting!$E$30:$E$39,Setting!$A$30:$A$39,AL$4,Setting!$C$30:$C$39,"<="&($AK18-1),Setting!$D$30:$D$39,">="&($AK18-1)) -> 13 | AM18: =AM17+SUMIFS(Setting!$E$30:$E$39,Setting!$A$30:$A$39,AM$4,Setting!$C$30:$C$39,"<="&($AK18-1),Setting!$D$30:$D$39,">="&($AK18-1)) -> 13
A19: Char# | B19: Target# | C19: Karakter | D19: Target mode | E19: Valid? | F19: Cap | G19: Mode skrg | H19: n' m1 | I19: n' m2 | J19: n' m3 | K19: n' m4 | L19: n' m5 | M19: n' m6 | N19: n' m7 | O19: n' m8 | P19: mulai' m1 | Q19: mulai' m2 | R19: mulai' m3 | S19: mulai' m4 | T19: mulai' m5 | U19: mulai' m6 | V19: mulai' m7 | W19: mulai' m8 | X19: kina' m1 | Y19: kina' m2 | Z19: kina' m3 | AA19: kina' m4 | AB19: kina' m5 | AC19: kina' m6 | AD19: kina' m7 | AE19: kina' m8 | AF19: Total baru | AG19: Tambah/minggu | AH19: Kurang GS | AI19: Tambah per GS | AK19: 14 | AL19: =AL18+SUMIFS(Setting!$E$30:$E$39,Setting!$A$30:$A$39,AL$4,Setting!$C$30:$C$39,"<="&($AK19-1),Setting!$D$30:$D$39,">="&($AK19-1)) -> 14 | AM19: =AM18+SUMIFS(Setting!$E$30:$E$39,Setting!$A$30:$A$39,AM$4,Setting!$C$30:$C$39,"<="&($AK19-1),Setting!$D$30:$D$39,">="&($AK19-1)) -> 14
A20: 1 | B20: 1 | C20: =Hitung!A17 -> ChromeT | D20: =Hitung!B5 -> T2 | E20: =IF(AND(C20<>"",D20<>"",Hitung!B17>0,Hitung!E5>Hitung!B17,G20<>B20,F20>0),1,0) -> 0 | F20: =Hitung!D17 -> 61 | G20: =Hitung!X17 -> 6 | H20: =Hitung!$M$5-IF($G20=1,$F20,0)+IF($B20=1,$F20,0) -> 166 | I20: =Hitung!$M$6-IF($G20=2,$F20,0)+IF($B20=2,$F20,0) -> 0 | J20: =Hitung!$M$7-IF($G20=3,$F20,0)+IF($B20=3,$F20,0) -> 42 | K20: =Hitung!$M$8-IF($G20=4,$F20,0)+IF($B20=4,$F20,0) -> 0 | L20: =Hitung!$M$9-IF($G20=5,$F20,0)+IF($B20=5,$F20,0) -> 0 | M20: =Hitung!$M$10-IF($G20=6,$F20,0)+IF($B20=6,$F20,0) -> 0 | N20: =Hitung!$M$11-IF($G20=7,$F20,0)+IF($B20=7,$F20,0) -> 0 | O20: =Hitung!$M$12-IF($G20=8,$F20,0)+IF($B20=8,$F20,0) -> 0 | P20: =SUMPRODUCT($B$5:$I$5,$H20:$O20) -> 0 | Q20: =SUMPRODUCT($B$6:$I$6,$H20:$O20) -> 0 | R20: =SUMPRODUCT($B$7:$I$7,$H20:$O20) -> 0 | S20: =SUMPRODUCT($B$8:$I$8,$H20:$O20) -> 0 | T20: =SUMPRODUCT($B$9:$I$9,$H20:$O20) -> 0 | U20: =SUMPRODUCT($B$10:$I$10,$H20:$O20) -> 0 | V20: =SUMPRODUCT($B$11:$I$11,$H20:$O20) -> 0 | W20: =SUMPRODUCT($B$12:$I$12,$H20:$O20) -> 0 | X20: {=IF(H20=0,0,Hitung!$D$5*IF(Hitung!$C$5="Conquest",INDEX($AL$5:$AL$705,P20+H20+1)-INDEX($AL$5:$AL$705,P20+1),INDEX($AM$5:$AM$705,P20+H20+1)-INDEX($AM$5:$AM$705,P20+1)))} -> 37680000 | Y20: {=IF(I20=0,0,Hitung!$D$6*IF(Hitung!$C$6="Conquest",INDEX($AL$5:$AL$705,Q20+I20+1)-INDEX($AL$5:$AL$705,Q20+1),INDEX($AM$5:$AM$705,Q20+I20+1)-INDEX($AM$5:$AM$705,Q20+1)))} -> 0 | Z20: {=IF(J20=0,0,Hitung!$D$7*IF(Hitung!$C$7="Conquest",INDEX($AL$5:$AL$705,R20+J20+1)-INDEX($AL$5:$AL$705,R20+1),INDEX($AM$5:$AM$705,R20+J20+1)-INDEX($AM$5:$AM$705,R20+1)))} -> 12600000 | AA20: {=IF(K20=0,0,Hitung!$D$8*IF(Hitung!$C$8="Conquest",INDEX($AL$5:$AL$705,S20+K20+1)-INDEX($AL$5:$AL$705,S20+1),INDEX($AM$5:$AM$705,S20+K20+1)-INDEX($AM$5:$AM$705,S20+1)))} -> 0 | AB20: {=IF(L20=0,0,Hitung!$D$9*IF(Hitung!$C$9="Conquest",INDEX($AL$5:$AL$705,T20+L20+1)-INDEX($AL$5:$AL$705,T20+1),INDEX($AM$5:$AM$705,T20+L20+1)-INDEX($AM$5:$AM$705,T20+1)))} -> 0 | AC20: {=IF(M20=0,0,Hitung!$D$10*IF(Hitung!$C$10="Conquest",INDEX($AL$5:$AL$705,U20+M20+1)-INDEX($AL$5:$AL$705,U20+1),INDEX($AM$5:$AM$705,U20+M20+1)-INDEX($AM$5:$AM$705,U20+1)))} -> 0 | AD20: {=IF(N20=0,0,Hitung!$D$11*IF(Hitung!$C$11="Conquest",INDEX($AL$5:$AL$705,V20+N20+1)-INDEX($AL$5:$AL$705,V20+1),INDEX($AM$5:$AM$705,V20+N20+1)-INDEX($AM$5:$AM$705,V20+1)))} -> 0 | AE20: {=IF(O20=0,0,Hitung!$D$12*IF(Hitung!$C$12="Conquest",INDEX($AL$5:$AL$705,W20+O20+1)-INDEX($AL$5:$AL$705,W20+1),INDEX($AM$5:$AM$705,W20+O20+1)-INDEX($AM$5:$AM$705,W20+1)))} -> 0 | AF20: =SUM(X20:AE20) -> 50280000 | AG20: =IF(E20=1,AF20-Hitung!$AO$13,0) -> 0 | AH20: =IF(E20=1,Hitung!E5-Hitung!B17,0) -> 0 | AI20: =IF(AND(E20=1,AG20>0,AH20>0),AG20/AH20,0) -> 0 | AK20: 15 | AL20: =AL19+SUMIFS(Setting!$E$30:$E$39,Setting!$A$30:$A$39,AL$4,Setting!$C$30:$C$39,"<="&($AK20-1),Setting!$D$30:$D$39,">="&($AK20-1)) -> 15 | AM20: =AM19+SUMIFS(Setting!$E$30:$E$39,Setting!$A$30:$A$39,AM$4,Setting!$C$30:$C$39,"<="&($AK20-1),Setting!$D$30:$D$39,">="&($AK20-1)) -> 15
A21: 1 | B21: 2 | C21: =Hitung!A17 -> ChromeT | D21: =Hitung!B6 -> T3 | E21: =IF(AND(C21<>"",D21<>"",Hitung!B17>0,Hitung!E6>Hitung!B17,G21<>B21,F21>0),1,0) -> 0 | F21: =Hitung!D17 -> 61 | G21: =Hitung!X17 -> 6 | H21: =Hitung!$M$5-IF($G21=1,$F21,0)+IF($B21=1,$F21,0) -> 105 | I21: =Hitung!$M$6-IF($G21=2,$F21,0)+IF($B21=2,$F21,0) -> 61 | J21: =Hitung!$M$7-IF($G21=3,$F21,0)+IF($B21=3,$F21,0) -> 42 | K21: =Hitung!$M$8-IF($G21=4,$F21,0)+IF($B21=4,$F21,0) -> 0 | L21: =Hitung!$M$9-IF($G21=5,$F21,0)+IF($B21=5,$F21,0) -> 0 | M21: =Hitung!$M$10-IF($G21=6,$F21,0)+IF($B21=6,$F21,0) -> 0 | N21: =Hitung!$M$11-IF($G21=7,$F21,0)+IF($B21=7,$F21,0) -> 0 | O21: =Hitung!$M$12-IF($G21=8,$F21,0)+IF($B21=8,$F21,0) -> 0 | P21: =SUMPRODUCT($B$5:$I$5,$H21:$O21) -> 61 | Q21: =SUMPRODUCT($B$6:$I$6,$H21:$O21) -> 0 | R21: =SUMPRODUCT($B$7:$I$7,$H21:$O21) -> 0 | S21: =SUMPRODUCT($B$8:$I$8,$H21:$O21) -> 0 | T21: =SUMPRODUCT($B$9:$I$9,$H21:$O21) -> 0 | U21: =SUMPRODUCT($B$10:$I$10,$H21:$O21) -> 0 | V21: =SUMPRODUCT($B$11:$I$11,$H21:$O21) -> 0 | W21: =SUMPRODUCT($B$12:$I$12,$H21:$O21) -> 0 | X21: {=IF(H21=0,0,Hitung!$D$5*IF(Hitung!$C$5="Conquest",INDEX($AL$5:$AL$705,P21+H21+1)-INDEX($AL$5:$AL$705,P21+1),INDEX($AM$5:$AM$705,P21+H21+1)-INDEX($AM$5:$AM$705,P21+1)))} -> 19380000 | Y21: {=IF(I21=0,0,Hitung!$D$6*IF(Hitung!$C$6="Conquest",INDEX($AL$5:$AL$705,Q21+I21+1)-INDEX($AL$5:$AL$705,Q21+1),INDEX($AM$5:$AM$705,Q21+I21+1)-INDEX($AM$5:$AM$705,Q21+1)))} -> 24400000 | Z21: {=IF(J21=0,0,Hitung!$D$7*IF(Hitung!$C$7="Conquest",INDEX($AL$5:$AL$705,R21+J21+1)-INDEX($AL$5:$AL$705,R21+1),INDEX($AM$5:$AM$705,R21+J21+1)-INDEX($AM$5:$AM$705,R21+1)))} -> 12600000 | AA21: {=IF(K21=0,0,Hitung!$D$8*IF(Hitung!$C$8="Conquest",INDEX($AL$5:$AL$705,S21+K21+1)-INDEX($AL$5:$AL$705,S21+1),INDEX($AM$5:$AM$705,S21+K21+1)-INDEX($AM$5:$AM$705,S21+1)))} -> 0 | AB21: {=IF(L21=0,0,Hitung!$D$9*IF(Hitung!$C$9="Conquest",INDEX($AL$5:$AL$705,T21+L21+1)-INDEX($AL$5:$AL$705,T21+1),INDEX($AM$5:$AM$705,T21+L21+1)-INDEX($AM$5:$AM$705,T21+1)))} -> 0 | AC21: {=IF(M21=0,0,Hitung!$D$10*IF(Hitung!$C$10="Conquest",INDEX($AL$5:$AL$705,U21+M21+1)-INDEX($AL$5:$AL$705,U21+1),INDEX($AM$5:$AM$705,U21+M21+1)-INDEX($AM$5:$AM$705,U21+1)))} -> 0 | AD21: {=IF(N21=0,0,Hitung!$D$11*IF(Hitung!$C$11="Conquest",INDEX($AL$5:$AL$705,V21+N21+1)-INDEX($AL$5:$AL$705,V21+1),INDEX($AM$5:$AM$705,V21+N21+1)-INDEX($AM$5:$AM$705,V21+1)))} -> 0 | AE21: {=IF(O21=0,0,Hitung!$D$12*IF(Hitung!$C$12="Conquest",INDEX($AL$5:$AL$705,W21+O21+1)-INDEX($AL$5:$AL$705,W21+1),INDEX($AM$5:$AM$705,W21+O21+1)-INDEX($AM$5:$AM$705,W21+1)))} -> 0 | AF21: =SUM(X21:AE21) -> 56380000 | AG21: =IF(E21=1,AF21-Hitung!$AO$13,0) -> 0 | AH21: =IF(E21=1,Hitung!E6-Hitung!B17,0) -> 0 | AI21: =IF(AND(E21=1,AG21>0,AH21>0),AG21/AH21,0) -> 0 | AK21: 16 | AL21: =AL20+SUMIFS(Setting!$E$30:$E$39,Setting!$A$30:$A$39,AL$4,Setting!$C$30:$C$39,"<="&($AK21-1),Setting!$D$30:$D$39,">="&($AK21-1)) -> 16 | AM21: =AM20+SUMIFS(Setting!$E$30:$E$39,Setting!$A$30:$A$39,AM$4,Setting!$C$30:$C$39,"<="&($AK21-1),Setting!$D$30:$D$39,">="&($AK21-1)) -> 16
A22: 1 | B22: 3 | C22: =Hitung!A17 -> ChromeT | D22: =Hitung!B7 -> S1 | E22: =IF(AND(C22<>"",D22<>"",Hitung!B17>0,Hitung!E7>Hitung!B17,G22<>B22,F22>0),1,0) -> 0 | F22: =Hitung!D17 -> 61 | G22: =Hitung!X17 -> 6 | H22: =Hitung!$M$5-IF($G22=1,$F22,0)+IF($B22=1,$F22,0) -> 105 | I22: =Hitung!$M$6-IF($G22=2,$F22,0)+IF($B22=2,$F22,0) -> 0 | J22: =Hitung!$M$7-IF($G22=3,$F22,0)+IF($B22=3,$F22,0) -> 103 | K22: =Hitung!$M$8-IF($G22=4,$F22,0)+IF($B22=4,$F22,0) -> 0 | L22: =Hitung!$M$9-IF($G22=5,$F22,0)+IF($B22=5,$F22,0) -> 0 | M22: =Hitung!$M$10-IF($G22=6,$F22,0)+IF($B22=6,$F22,0) -> 0 | N22: =Hitung!$M$11-IF($G22=7,$F22,0)+IF($B22=7,$F22,0) -> 0 | O22: =Hitung!$M$12-IF($G22=8,$F22,0)+IF($B22=8,$F22,0) -> 0 | P22: =SUMPRODUCT($B$5:$I$5,$H22:$O22) -> 0 | Q22: =SUMPRODUCT($B$6:$I$6,$H22:$O22) -> 0 | R22: =SUMPRODUCT($B$7:$I$7,$H22:$O22) -> 0 | S22: =SUMPRODUCT($B$8:$I$8,$H22:$O22) -> 0 | T22: =SUMPRODUCT($B$9:$I$9,$H22:$O22) -> 0 | U22: =SUMPRODUCT($B$10:$I$10,$H22:$O22) -> 0 | V22: =SUMPRODUCT($B$11:$I$11,$H22:$O22) -> 0 | W22: =SUMPRODUCT($B$12:$I$12,$H22:$O22) -> 0 | X22: {=IF(H22=0,0,Hitung!$D$5*IF(Hitung!$C$5="Conquest",INDEX($AL$5:$AL$705,P22+H22+1)-INDEX($AL$5:$AL$705,P22+1),INDEX($AM$5:$AM$705,P22+H22+1)-INDEX($AM$5:$AM$705,P22+1)))} -> 30240000 | Y22: {=IF(I22=0,0,Hitung!$D$6*IF(Hitung!$C$6="Conquest",INDEX($AL$5:$AL$705,Q22+I22+1)-INDEX($AL$5:$AL$705,Q22+1),INDEX($AM$5:$AM$705,Q22+I22+1)-INDEX($AM$5:$AM$705,Q22+1)))} -> 0 | Z22: {=IF(J22=0,0,Hitung!$D$7*IF(Hitung!$C$7="Conquest",INDEX($AL$5:$AL$705,R22+J22+1)-INDEX($AL$5:$AL$705,R22+1),INDEX($AM$5:$AM$705,R22+J22+1)-INDEX($AM$5:$AM$705,R22+1)))} -> 24660000 | AA22: {=IF(K22=0,0,Hitung!$D$8*IF(Hitung!$C$8="Conquest",INDEX($AL$5:$AL$705,S22+K22+1)-INDEX($AL$5:$AL$705,S22+1),INDEX($AM$5:$AM$705,S22+K22+1)-INDEX($AM$5:$AM$705,S22+1)))} -> 0 | AB22: {=IF(L22=0,0,Hitung!$D$9*IF(Hitung!$C$9="Conquest",INDEX($AL$5:$AL$705,T22+L22+1)-INDEX($AL$5:$AL$705,T22+1),INDEX($AM$5:$AM$705,T22+L22+1)-INDEX($AM$5:$AM$705,T22+1)))} -> 0 | AC22: {=IF(M22=0,0,Hitung!$D$10*IF(Hitung!$C$10="Conquest",INDEX($AL$5:$AL$705,U22+M22+1)-INDEX($AL$5:$AL$705,U22+1),INDEX($AM$5:$AM$705,U22+M22+1)-INDEX($AM$5:$AM$705,U22+1)))} -> 0 | AD22: {=IF(N22=0,0,Hitung!$D$11*IF(Hitung!$C$11="Conquest",INDEX($AL$5:$AL$705,V22+N22+1)-INDEX($AL$5:$AL$705,V22+1),INDEX($AM$5:$AM$705,V22+N22+1)-INDEX($AM$5:$AM$705,V22+1)))} -> 0 | AE22: {=IF(O22=0,0,Hitung!$D$12*IF(Hitung!$C$12="Conquest",INDEX($AL$5:$AL$705,W22+O22+1)-INDEX($AL$5:$AL$705,W22+1),INDEX($AM$5:$AM$705,W22+O22+1)-INDEX($AM$5:$AM$705,W22+1)))} -> 0 | AF22: =SUM(X22:AE22) -> 54900000 | AG22: =IF(E22=1,AF22-Hitung!$AO$13,0) -> 0 | AH22: =IF(E22=1,Hitung!E7-Hitung!B17,0) -> 0 | AI22: =IF(AND(E22=1,AG22>0,AH22>0),AG22/AH22,0) -> 0 | AK22: 17 | AL22: =AL21+SUMIFS(Setting!$E$30:$E$39,Setting!$A$30:$A$39,AL$4,Setting!$C$30:$C$39,"<="&($AK22-1),Setting!$D$30:$D$39,">="&($AK22-1)) -> 17 | AM22: =AM21+SUMIFS(Setting!$E$30:$E$39,Setting!$A$30:$A$39,AM$4,Setting!$C$30:$C$39,"<="&($AK22-1),Setting!$D$30:$D$39,">="&($AK22-1)) -> 17
A23: 1 | B23: 4 | C23: =Hitung!A17 -> ChromeT | D23: =Hitung!B8 -> S2 | E23: =IF(AND(C23<>"",D23<>"",Hitung!B17>0,Hitung!E8>Hitung!B17,G23<>B23,F23>0),1,0) -> 0 | F23: =Hitung!D17 -> 61 | G23: =Hitung!X17 -> 6 | H23: =Hitung!$M$5-IF($G23=1,$F23,0)+IF($B23=1,$F23,0) -> 105 | I23: =Hitung!$M$6-IF($G23=2,$F23,0)+IF($B23=2,$F23,0) -> 0 | J23: =Hitung!$M$7-IF($G23=3,$F23,0)+IF($B23=3,$F23,0) -> 42 | K23: =Hitung!$M$8-IF($G23=4,$F23,0)+IF($B23=4,$F23,0) -> 61 | L23: =Hitung!$M$9-IF($G23=5,$F23,0)+IF($B23=5,$F23,0) -> 0 | M23: =Hitung!$M$10-IF($G23=6,$F23,0)+IF($B23=6,$F23,0) -> 0 | N23: =Hitung!$M$11-IF($G23=7,$F23,0)+IF($B23=7,$F23,0) -> 0 | O23: =Hitung!$M$12-IF($G23=8,$F23,0)+IF($B23=8,$F23,0) -> 0 | P23: =SUMPRODUCT($B$5:$I$5,$H23:$O23) -> 0 | Q23: =SUMPRODUCT($B$6:$I$6,$H23:$O23) -> 0 | R23: =SUMPRODUCT($B$7:$I$7,$H23:$O23) -> 61 | S23: =SUMPRODUCT($B$8:$I$8,$H23:$O23) -> 0 | T23: =SUMPRODUCT($B$9:$I$9,$H23:$O23) -> 0 | U23: =SUMPRODUCT($B$10:$I$10,$H23:$O23) -> 0 | V23: =SUMPRODUCT($B$11:$I$11,$H23:$O23) -> 0 | W23: =SUMPRODUCT($B$12:$I$12,$H23:$O23) -> 0 | X23: {=IF(H23=0,0,Hitung!$D$5*IF(Hitung!$C$5="Conquest",INDEX($AL$5:$AL$705,P23+H23+1)-INDEX($AL$5:$AL$705,P23+1),INDEX($AM$5:$AM$705,P23+H23+1)-INDEX($AM$5:$AM$705,P23+1)))} -> 30240000 | Y23: {=IF(I23=0,0,Hitung!$D$6*IF(Hitung!$C$6="Conquest",INDEX($AL$5:$AL$705,Q23+I23+1)-INDEX($AL$5:$AL$705,Q23+1),INDEX($AM$5:$AM$705,Q23+I23+1)-INDEX($AM$5:$AM$705,Q23+1)))} -> 0 | Z23: {=IF(J23=0,0,Hitung!$D$7*IF(Hitung!$C$7="Conquest",INDEX($AL$5:$AL$705,R23+J23+1)-INDEX($AL$5:$AL$705,R23+1),INDEX($AM$5:$AM$705,R23+J23+1)-INDEX($AM$5:$AM$705,R23+1)))} -> 6660000 | AA23: {=IF(K23=0,0,Hitung!$D$8*IF(Hitung!$C$8="Conquest",INDEX($AL$5:$AL$705,S23+K23+1)-INDEX($AL$5:$AL$705,S23+1),INDEX($AM$5:$AM$705,S23+K23+1)-INDEX($AM$5:$AM$705,S23+1)))} -> 21600000 | AB23: {=IF(L23=0,0,Hitung!$D$9*IF(Hitung!$C$9="Conquest",INDEX($AL$5:$AL$705,T23+L23+1)-INDEX($AL$5:$AL$705,T23+1),INDEX($AM$5:$AM$705,T23+L23+1)-INDEX($AM$5:$AM$705,T23+1)))} -> 0 | AC23: {=IF(M23=0,0,Hitung!$D$10*IF(Hitung!$C$10="Conquest",INDEX($AL$5:$AL$705,U23+M23+1)-INDEX($AL$5:$AL$705,U23+1),INDEX($AM$5:$AM$705,U23+M23+1)-INDEX($AM$5:$AM$705,U23+1)))} -> 0 | AD23: {=IF(N23=0,0,Hitung!$D$11*IF(Hitung!$C$11="Conquest",INDEX($AL$5:$AL$705,V23+N23+1)-INDEX($AL$5:$AL$705,V23+1),INDEX($AM$5:$AM$705,V23+N23+1)-INDEX($AM$5:$AM$705,V23+1)))} -> 0 | AE23: {=IF(O23=0,0,Hitung!$D$12*IF(Hitung!$C$12="Conquest",INDEX($AL$5:$AL$705,W23+O23+1)-INDEX($AL$5:$AL$705,W23+1),INDEX($AM$5:$AM$705,W23+O23+1)-INDEX($AM$5:$AM$705,W23+1)))} -> 0 | AF23: =SUM(X23:AE23) -> 58500000 | AG23: =IF(E23=1,AF23-Hitung!$AO$13,0) -> 0 | AH23: =IF(E23=1,Hitung!E8-Hitung!B17,0) -> 0 | AI23: =IF(AND(E23=1,AG23>0,AH23>0),AG23/AH23,0) -> 0 | AK23: 18 | AL23: =AL22+SUMIFS(Setting!$E$30:$E$39,Setting!$A$30:$A$39,AL$4,Setting!$C$30:$C$39,"<="&($AK23-1),Setting!$D$30:$D$39,">="&($AK23-1)) -> 18 | AM23: =AM22+SUMIFS(Setting!$E$30:$E$39,Setting!$A$30:$A$39,AM$4,Setting!$C$30:$C$39,"<="&($AK23-1),Setting!$D$30:$D$39,">="&($AK23-1)) -> 18
A24: 1 | B24: 5 | C24: =Hitung!A17 -> ChromeT | D24: =Hitung!B9 -> S3 | E24: =IF(AND(C24<>"",D24<>"",Hitung!B17>0,Hitung!E9>Hitung!B17,G24<>B24,F24>0),1,0) -> 0 | F24: =Hitung!D17 -> 61 | G24: =Hitung!X17 -> 6 | H24: =Hitung!$M$5-IF($G24=1,$F24,0)+IF($B24=1,$F24,0) -> 105 | I24: =Hitung!$M$6-IF($G24=2,$F24,0)+IF($B24=2,$F24,0) -> 0 | J24: =Hitung!$M$7-IF($G24=3,$F24,0)+IF($B24=3,$F24,0) -> 42 | K24: =Hitung!$M$8-IF($G24=4,$F24,0)+IF($B24=4,$F24,0) -> 0 | L24: =Hitung!$M$9-IF($G24=5,$F24,0)+IF($B24=5,$F24,0) -> 61 | M24: =Hitung!$M$10-IF($G24=6,$F24,0)+IF($B24=6,$F24,0) -> 0 | N24: =Hitung!$M$11-IF($G24=7,$F24,0)+IF($B24=7,$F24,0) -> 0 | O24: =Hitung!$M$12-IF($G24=8,$F24,0)+IF($B24=8,$F24,0) -> 0 | P24: =SUMPRODUCT($B$5:$I$5,$H24:$O24) -> 0 | Q24: =SUMPRODUCT($B$6:$I$6,$H24:$O24) -> 0 | R24: =SUMPRODUCT($B$7:$I$7,$H24:$O24) -> 61 | S24: =SUMPRODUCT($B$8:$I$8,$H24:$O24) -> 61 | T24: =SUMPRODUCT($B$9:$I$9,$H24:$O24) -> 0 | U24: =SUMPRODUCT($B$10:$I$10,$H24:$O24) -> 0 | V24: =SUMPRODUCT($B$11:$I$11,$H24:$O24) -> 0 | W24: =SUMPRODUCT($B$12:$I$12,$H24:$O24) -> 0 | X24: {=IF(H24=0,0,Hitung!$D$5*IF(Hitung!$C$5="Conquest",INDEX($AL$5:$AL$705,P24+H24+1)-INDEX($AL$5:$AL$705,P24+1),INDEX($AM$5:$AM$705,P24+H24+1)-INDEX($AM$5:$AM$705,P24+1)))} -> 30240000 | Y24: {=IF(I24=0,0,Hitung!$D$6*IF(Hitung!$C$6="Conquest",INDEX($AL$5:$AL$705,Q24+I24+1)-INDEX($AL$5:$AL$705,Q24+1),INDEX($AM$5:$AM$705,Q24+I24+1)-INDEX($AM$5:$AM$705,Q24+1)))} -> 0 | Z24: {=IF(J24=0,0,Hitung!$D$7*IF(Hitung!$C$7="Conquest",INDEX($AL$5:$AL$705,R24+J24+1)-INDEX($AL$5:$AL$705,R24+1),INDEX($AM$5:$AM$705,R24+J24+1)-INDEX($AM$5:$AM$705,R24+1)))} -> 6660000 | AA24: {=IF(K24=0,0,Hitung!$D$8*IF(Hitung!$C$8="Conquest",INDEX($AL$5:$AL$705,S24+K24+1)-INDEX($AL$5:$AL$705,S24+1),INDEX($AM$5:$AM$705,S24+K24+1)-INDEX($AM$5:$AM$705,S24+1)))} -> 0 | AB24: {=IF(L24=0,0,Hitung!$D$9*IF(Hitung!$C$9="Conquest",INDEX($AL$5:$AL$705,T24+L24+1)-INDEX($AL$5:$AL$705,T24+1),INDEX($AM$5:$AM$705,T24+L24+1)-INDEX($AM$5:$AM$705,T24+1)))} -> 25200000 | AC24: {=IF(M24=0,0,Hitung!$D$10*IF(Hitung!$C$10="Conquest",INDEX($AL$5:$AL$705,U24+M24+1)-INDEX($AL$5:$AL$705,U24+1),INDEX($AM$5:$AM$705,U24+M24+1)-INDEX($AM$5:$AM$705,U24+1)))} -> 0 | AD24: {=IF(N24=0,0,Hitung!$D$11*IF(Hitung!$C$11="Conquest",INDEX($AL$5:$AL$705,V24+N24+1)-INDEX($AL$5:$AL$705,V24+1),INDEX($AM$5:$AM$705,V24+N24+1)-INDEX($AM$5:$AM$705,V24+1)))} -> 0 | AE24: {=IF(O24=0,0,Hitung!$D$12*IF(Hitung!$C$12="Conquest",INDEX($AL$5:$AL$705,W24+O24+1)-INDEX($AL$5:$AL$705,W24+1),INDEX($AM$5:$AM$705,W24+O24+1)-INDEX($AM$5:$AM$705,W24+1)))} -> 0 | AF24: =SUM(X24:AE24) -> 62100000 | AG24: =IF(E24=1,AF24-Hitung!$AO$13,0) -> 0 | AH24: =IF(E24=1,Hitung!E9-Hitung!B17,0) -> 0 | AI24: =IF(AND(E24=1,AG24>0,AH24>0),AG24/AH24,0) -> 0 | AK24: 19 | AL24: =AL23+SUMIFS(Setting!$E$30:$E$39,Setting!$A$30:$A$39,AL$4,Setting!$C$30:$C$39,"<="&($AK24-1),Setting!$D$30:$D$39,">="&($AK24-1)) -> 19 | AM24: =AM23+SUMIFS(Setting!$E$30:$E$39,Setting!$A$30:$A$39,AM$4,Setting!$C$30:$C$39,"<="&($AK24-1),Setting!$D$30:$D$39,">="&($AK24-1)) -> 19
A25: 1 | B25: 6 | C25: =Hitung!A17 -> ChromeT | D25: =Hitung!B10 -> S4 | E25: =IF(AND(C25<>"",D25<>"",Hitung!B17>0,Hitung!E10>Hitung!B17,G25<>B25,F25>0),1,0) -> 0 | F25: =Hitung!D17 -> 61 | G25: =Hitung!X17 -> 6 | H25: =Hitung!$M$5-IF($G25=1,$F25,0)+IF($B25=1,$F25,0) -> 105 | I25: =Hitung!$M$6-IF($G25=2,$F25,0)+IF($B25=2,$F25,0) -> 0 | J25: =Hitung!$M$7-IF($G25=3,$F25,0)+IF($B25=3,$F25,0) -> 42 | K25: =Hitung!$M$8-IF($G25=4,$F25,0)+IF($B25=4,$F25,0) -> 0 | L25: =Hitung!$M$9-IF($G25=5,$F25,0)+IF($B25=5,$F25,0) -> 0 | M25: =Hitung!$M$10-IF($G25=6,$F25,0)+IF($B25=6,$F25,0) -> 61 | N25: =Hitung!$M$11-IF($G25=7,$F25,0)+IF($B25=7,$F25,0) -> 0 | O25: =Hitung!$M$12-IF($G25=8,$F25,0)+IF($B25=8,$F25,0) -> 0 | P25: =SUMPRODUCT($B$5:$I$5,$H25:$O25) -> 0 | Q25: =SUMPRODUCT($B$6:$I$6,$H25:$O25) -> 0 | R25: =SUMPRODUCT($B$7:$I$7,$H25:$O25) -> 61 | S25: =SUMPRODUCT($B$8:$I$8,$H25:$O25) -> 61 | T25: =SUMPRODUCT($B$9:$I$9,$H25:$O25) -> 61 | U25: =SUMPRODUCT($B$10:$I$10,$H25:$O25) -> 0 | V25: =SUMPRODUCT($B$11:$I$11,$H25:$O25) -> 0 | W25: =SUMPRODUCT($B$12:$I$12,$H25:$O25) -> 0 | X25: {=IF(H25=0,0,Hitung!$D$5*IF(Hitung!$C$5="Conquest",INDEX($AL$5:$AL$705,P25+H25+1)-INDEX($AL$5:$AL$705,P25+1),INDEX($AM$5:$AM$705,P25+H25+1)-INDEX($AM$5:$AM$705,P25+1)))} -> 30240000 | Y25: {=IF(I25=0,0,Hitung!$D$6*IF(Hitung!$C$6="Conquest",INDEX($AL$5:$AL$705,Q25+I25+1)-INDEX($AL$5:$AL$705,Q25+1),INDEX($AM$5:$AM$705,Q25+I25+1)-INDEX($AM$5:$AM$705,Q25+1)))} -> 0 | Z25: {=IF(J25=0,0,Hitung!$D$7*IF(Hitung!$C$7="Conquest",INDEX($AL$5:$AL$705,R25+J25+1)-INDEX($AL$5:$AL$705,R25+1),INDEX($AM$5:$AM$705,R25+J25+1)-INDEX($AM$5:$AM$705,R25+1)))} -> 6660000 | AA25: {=IF(K25=0,0,Hitung!$D$8*IF(Hitung!$C$8="Conquest",INDEX($AL$5:$AL$705,S25+K25+1)-INDEX($AL$5:$AL$705,S25+1),INDEX($AM$5:$AM$705,S25+K25+1)-INDEX($AM$5:$AM$705,S25+1)))} -> 0 | AB25: {=IF(L25=0,0,Hitung!$D$9*IF(Hitung!$C$9="Conquest",INDEX($AL$5:$AL$705,T25+L25+1)-INDEX($AL$5:$AL$705,T25+1),INDEX($AM$5:$AM$705,T25+L25+1)-INDEX($AM$5:$AM$705,T25+1)))} -> 0 | AC25: {=IF(M25=0,0,Hitung!$D$10*IF(Hitung!$C$10="Conquest",INDEX($AL$5:$AL$705,U25+M25+1)-INDEX($AL$5:$AL$705,U25+1),INDEX($AM$5:$AM$705,U25+M25+1)-INDEX($AM$5:$AM$705,U25+1)))} -> 28800000 | AD25: {=IF(N25=0,0,Hitung!$D$11*IF(Hitung!$C$11="Conquest",INDEX($AL$5:$AL$705,V25+N25+1)-INDEX($AL$5:$AL$705,V25+1),INDEX($AM$5:$AM$705,V25+N25+1)-INDEX($AM$5:$AM$705,V25+1)))} -> 0 | AE25: {=IF(O25=0,0,Hitung!$D$12*IF(Hitung!$C$12="Conquest",INDEX($AL$5:$AL$705,W25+O25+1)-INDEX($AL$5:$AL$705,W25+1),INDEX($AM$5:$AM$705,W25+O25+1)-INDEX($AM$5:$AM$705,W25+1)))} -> 0 | AF25: =SUM(X25:AE25) -> 65700000 | AG25: =IF(E25=1,AF25-Hitung!$AO$13,0) -> 0 | AH25: =IF(E25=1,Hitung!E10-Hitung!B17,0) -> 0 | AI25: =IF(AND(E25=1,AG25>0,AH25>0),AG25/AH25,0) -> 0 | AK25: 20 | AL25: =AL24+SUMIFS(Setting!$E$30:$E$39,Setting!$A$30:$A$39,AL$4,Setting!$C$30:$C$39,"<="&($AK25-1),Setting!$D$30:$D$39,">="&($AK25-1)) -> 20 | AM25: =AM24+SUMIFS(Setting!$E$30:$E$39,Setting!$A$30:$A$39,AM$4,Setting!$C$30:$C$39,"<="&($AK25-1),Setting!$D$30:$D$39,">="&($AK25-1)) -> 20
A26: 1 | B26: 7 | C26: =Hitung!A17 -> ChromeT | D26: =Hitung!B11 | E26: =IF(AND(C26<>"",D26<>"",Hitung!B17>0,Hitung!E11>Hitung!B17,G26<>B26,F26>0),1,0) -> 0 | F26: =Hitung!D17 -> 61 | G26: =Hitung!X17 -> 6 | H26: =Hitung!$M$5-IF($G26=1,$F26,0)+IF($B26=1,$F26,0) -> 105 | I26: =Hitung!$M$6-IF($G26=2,$F26,0)+IF($B26=2,$F26,0) -> 0 | J26: =Hitung!$M$7-IF($G26=3,$F26,0)+IF($B26=3,$F26,0) -> 42 | K26: =Hitung!$M$8-IF($G26=4,$F26,0)+IF($B26=4,$F26,0) -> 0 | L26: =Hitung!$M$9-IF($G26=5,$F26,0)+IF($B26=5,$F26,0) -> 0 | M26: =Hitung!$M$10-IF($G26=6,$F26,0)+IF($B26=6,$F26,0) -> 0 | N26: =Hitung!$M$11-IF($G26=7,$F26,0)+IF($B26=7,$F26,0) -> 61 | O26: =Hitung!$M$12-IF($G26=8,$F26,0)+IF($B26=8,$F26,0) -> 0 | P26: =SUMPRODUCT($B$5:$I$5,$H26:$O26) -> 0 | Q26: =SUMPRODUCT($B$6:$I$6,$H26:$O26) -> 0 | R26: =SUMPRODUCT($B$7:$I$7,$H26:$O26) -> 0 | S26: =SUMPRODUCT($B$8:$I$8,$H26:$O26) -> 0 | T26: =SUMPRODUCT($B$9:$I$9,$H26:$O26) -> 0 | U26: =SUMPRODUCT($B$10:$I$10,$H26:$O26) -> 0 | V26: =SUMPRODUCT($B$11:$I$11,$H26:$O26) -> 0 | W26: =SUMPRODUCT($B$12:$I$12,$H26:$O26) -> 0 | X26: {=IF(H26=0,0,Hitung!$D$5*IF(Hitung!$C$5="Conquest",INDEX($AL$5:$AL$705,P26+H26+1)-INDEX($AL$5:$AL$705,P26+1),INDEX($AM$5:$AM$705,P26+H26+1)-INDEX($AM$5:$AM$705,P26+1)))} -> 30240000 | Y26: {=IF(I26=0,0,Hitung!$D$6*IF(Hitung!$C$6="Conquest",INDEX($AL$5:$AL$705,Q26+I26+1)-INDEX($AL$5:$AL$705,Q26+1),INDEX($AM$5:$AM$705,Q26+I26+1)-INDEX($AM$5:$AM$705,Q26+1)))} -> 0 | Z26: {=IF(J26=0,0,Hitung!$D$7*IF(Hitung!$C$7="Conquest",INDEX($AL$5:$AL$705,R26+J26+1)-INDEX($AL$5:$AL$705,R26+1),INDEX($AM$5:$AM$705,R26+J26+1)-INDEX($AM$5:$AM$705,R26+1)))} -> 12600000 | AA26: {=IF(K26=0,0,Hitung!$D$8*IF(Hitung!$C$8="Conquest",INDEX($AL$5:$AL$705,S26+K26+1)-INDEX($AL$5:$AL$705,S26+1),INDEX($AM$5:$AM$705,S26+K26+1)-INDEX($AM$5:$AM$705,S26+1)))} -> 0 | AB26: {=IF(L26=0,0,Hitung!$D$9*IF(Hitung!$C$9="Conquest",INDEX($AL$5:$AL$705,T26+L26+1)-INDEX($AL$5:$AL$705,T26+1),INDEX($AM$5:$AM$705,T26+L26+1)-INDEX($AM$5:$AM$705,T26+1)))} -> 0 | AC26: {=IF(M26=0,0,Hitung!$D$10*IF(Hitung!$C$10="Conquest",INDEX($AL$5:$AL$705,U26+M26+1)-INDEX($AL$5:$AL$705,U26+1),INDEX($AM$5:$AM$705,U26+M26+1)-INDEX($AM$5:$AM$705,U26+1)))} -> 0 | AD26: {=IF(N26=0,0,Hitung!$D$11*IF(Hitung!$C$11="Conquest",INDEX($AL$5:$AL$705,V26+N26+1)-INDEX($AL$5:$AL$705,V26+1),INDEX($AM$5:$AM$705,V26+N26+1)-INDEX($AM$5:$AM$705,V26+1)))} -> 0 | AE26: {=IF(O26=0,0,Hitung!$D$12*IF(Hitung!$C$12="Conquest",INDEX($AL$5:$AL$705,W26+O26+1)-INDEX($AL$5:$AL$705,W26+1),INDEX($AM$5:$AM$705,W26+O26+1)-INDEX($AM$5:$AM$705,W26+1)))} -> 0 | AF26: =SUM(X26:AE26) -> 42840000 | AG26: =IF(E26=1,AF26-Hitung!$AO$13,0) -> 0 | AH26: =IF(E26=1,Hitung!E11-Hitung!B17,0) -> 0 | AI26: =IF(AND(E26=1,AG26>0,AH26>0),AG26/AH26,0) -> 0 | AK26: 21 | AL26: =AL25+SUMIFS(Setting!$E$30:$E$39,Setting!$A$30:$A$39,AL$4,Setting!$C$30:$C$39,"<="&($AK26-1),Setting!$D$30:$D$39,">="&($AK26-1)) -> 21 | AM26: =AM25+SUMIFS(Setting!$E$30:$E$39,Setting!$A$30:$A$39,AM$4,Setting!$C$30:$C$39,"<="&($AK26-1),Setting!$D$30:$D$39,">="&($AK26-1)) -> 21
A27: 1 | B27: 8 | C27: =Hitung!A17 -> ChromeT | D27: =Hitung!B12 | E27: =IF(AND(C27<>"",D27<>"",Hitung!B17>0,Hitung!E12>Hitung!B17,G27<>B27,F27>0),1,0) -> 0 | F27: =Hitung!D17 -> 61 | G27: =Hitung!X17 -> 6 | H27: =Hitung!$M$5-IF($G27=1,$F27,0)+IF($B27=1,$F27,0) -> 105 | I27: =Hitung!$M$6-IF($G27=2,$F27,0)+IF($B27=2,$F27,0) -> 0 | J27: =Hitung!$M$7-IF($G27=3,$F27,0)+IF($B27=3,$F27,0) -> 42 | K27: =Hitung!$M$8-IF($G27=4,$F27,0)+IF($B27=4,$F27,0) -> 0 | L27: =Hitung!$M$9-IF($G27=5,$F27,0)+IF($B27=5,$F27,0) -> 0 | M27: =Hitung!$M$10-IF($G27=6,$F27,0)+IF($B27=6,$F27,0) -> 0 | N27: =Hitung!$M$11-IF($G27=7,$F27,0)+IF($B27=7,$F27,0) -> 0 | O27: =Hitung!$M$12-IF($G27=8,$F27,0)+IF($B27=8,$F27,0) -> 61 | P27: =SUMPRODUCT($B$5:$I$5,$H27:$O27) -> 0 | Q27: =SUMPRODUCT($B$6:$I$6,$H27:$O27) -> 0 | R27: =SUMPRODUCT($B$7:$I$7,$H27:$O27) -> 0 | S27: =SUMPRODUCT($B$8:$I$8,$H27:$O27) -> 0 | T27: =SUMPRODUCT($B$9:$I$9,$H27:$O27) -> 0 | U27: =SUMPRODUCT($B$10:$I$10,$H27:$O27) -> 0 | V27: =SUMPRODUCT($B$11:$I$11,$H27:$O27) -> 0 | W27: =SUMPRODUCT($B$12:$I$12,$H27:$O27) -> 0 | X27: {=IF(H27=0,0,Hitung!$D$5*IF(Hitung!$C$5="Conquest",INDEX($AL$5:$AL$705,P27+H27+1)-INDEX($AL$5:$AL$705,P27+1),INDEX($AM$5:$AM$705,P27+H27+1)-INDEX($AM$5:$AM$705,P27+1)))} -> 30240000 | Y27: {=IF(I27=0,0,Hitung!$D$6*IF(Hitung!$C$6="Conquest",INDEX($AL$5:$AL$705,Q27+I27+1)-INDEX($AL$5:$AL$705,Q27+1),INDEX($AM$5:$AM$705,Q27+I27+1)-INDEX($AM$5:$AM$705,Q27+1)))} -> 0 | Z27: {=IF(J27=0,0,Hitung!$D$7*IF(Hitung!$C$7="Conquest",INDEX($AL$5:$AL$705,R27+J27+1)-INDEX($AL$5:$AL$705,R27+1),INDEX($AM$5:$AM$705,R27+J27+1)-INDEX($AM$5:$AM$705,R27+1)))} -> 12600000 | AA27: {=IF(K27=0,0,Hitung!$D$8*IF(Hitung!$C$8="Conquest",INDEX($AL$5:$AL$705,S27+K27+1)-INDEX($AL$5:$AL$705,S27+1),INDEX($AM$5:$AM$705,S27+K27+1)-INDEX($AM$5:$AM$705,S27+1)))} -> 0 | AB27: {=IF(L27=0,0,Hitung!$D$9*IF(Hitung!$C$9="Conquest",INDEX($AL$5:$AL$705,T27+L27+1)-INDEX($AL$5:$AL$705,T27+1),INDEX($AM$5:$AM$705,T27+L27+1)-INDEX($AM$5:$AM$705,T27+1)))} -> 0 | AC27: {=IF(M27=0,0,Hitung!$D$10*IF(Hitung!$C$10="Conquest",INDEX($AL$5:$AL$705,U27+M27+1)-INDEX($AL$5:$AL$705,U27+1),INDEX($AM$5:$AM$705,U27+M27+1)-INDEX($AM$5:$AM$705,U27+1)))} -> 0 | AD27: {=IF(N27=0,0,Hitung!$D$11*IF(Hitung!$C$11="Conquest",INDEX($AL$5:$AL$705,V27+N27+1)-INDEX($AL$5:$AL$705,V27+1),INDEX($AM$5:$AM$705,V27+N27+1)-INDEX($AM$5:$AM$705,V27+1)))} -> 0 | AE27: {=IF(O27=0,0,Hitung!$D$12*IF(Hitung!$C$12="Conquest",INDEX($AL$5:$AL$705,W27+O27+1)-INDEX($AL$5:$AL$705,W27+1),INDEX($AM$5:$AM$705,W27+O27+1)-INDEX($AM$5:$AM$705,W27+1)))} -> 0 | AF27: =SUM(X27:AE27) -> 42840000 | AG27: =IF(E27=1,AF27-Hitung!$AO$13,0) -> 0 | AH27: =IF(E27=1,Hitung!E12-Hitung!B17,0) -> 0 | AI27: =IF(AND(E27=1,AG27>0,AH27>0),AG27/AH27,0) -> 0 | AK27: 22 | AL27: =AL26+SUMIFS(Setting!$E$30:$E$39,Setting!$A$30:$A$39,AL$4,Setting!$C$30:$C$39,"<="&($AK27-1),Setting!$D$30:$D$39,">="&($AK27-1)) -> 22 | AM27: =AM26+SUMIFS(Setting!$E$30:$E$39,Setting!$A$30:$A$39,AM$4,Setting!$C$30:$C$39,"<="&($AK27-1),Setting!$D$30:$D$39,">="&($AK27-1)) -> 22
A28: 2 | B28: 1 | C28: =Hitung!A18 -> Roxarika | D28: =Hitung!B5 -> T2 | E28: =IF(AND(C28<>"",D28<>"",Hitung!B18>0,Hitung!E5>Hitung!B18,G28<>B28,F28>0),1,0) -> 0 | F28: =Hitung!D18 -> 21 | G28: =Hitung!X18 -> 3 | H28: =Hitung!$M$5-IF($G28=1,$F28,0)+IF($B28=1,$F28,0) -> 126 | I28: =Hitung!$M$6-IF($G28=2,$F28,0)+IF($B28=2,$F28,0) -> 0 | J28: =Hitung!$M$7-IF($G28=3,$F28,0)+IF($B28=3,$F28,0) -> 21 | K28: =Hitung!$M$8-IF($G28=4,$F28,0)+IF($B28=4,$F28,0) -> 0 | L28: =Hitung!$M$9-IF($G28=5,$F28,0)+IF($B28=5,$F28,0) -> 0 | M28: =Hitung!$M$10-IF($G28=6,$F28,0)+IF($B28=6,$F28,0) -> 61 | N28: =Hitung!$M$11-IF($G28=7,$F28,0)+IF($B28=7,$F28,0) -> 0 | O28: =Hitung!$M$12-IF($G28=8,$F28,0)+IF($B28=8,$F28,0) -> 0 | P28: =SUMPRODUCT($B$5:$I$5,$H28:$O28) -> 0 | Q28: =SUMPRODUCT($B$6:$I$6,$H28:$O28) -> 0 | R28: =SUMPRODUCT($B$7:$I$7,$H28:$O28) -> 61 | S28: =SUMPRODUCT($B$8:$I$8,$H28:$O28) -> 61 | T28: =SUMPRODUCT($B$9:$I$9,$H28:$O28) -> 61 | U28: =SUMPRODUCT($B$10:$I$10,$H28:$O28) -> 0 | V28: =SUMPRODUCT($B$11:$I$11,$H28:$O28) -> 0 | W28: =SUMPRODUCT($B$12:$I$12,$H28:$O28) -> 0 | X28: {=IF(H28=0,0,Hitung!$D$5*IF(Hitung!$C$5="Conquest",INDEX($AL$5:$AL$705,P28+H28+1)-INDEX($AL$5:$AL$705,P28+1),INDEX($AM$5:$AM$705,P28+H28+1)-INDEX($AM$5:$AM$705,P28+1)))} -> 34020000 | Y28: {=IF(I28=0,0,Hitung!$D$6*IF(Hitung!$C$6="Conquest",INDEX($AL$5:$AL$705,Q28+I28+1)-INDEX($AL$5:$AL$705,Q28+1),INDEX($AM$5:$AM$705,Q28+I28+1)-INDEX($AM$5:$AM$705,Q28+1)))} -> 0 | Z28: {=IF(J28=0,0,Hitung!$D$7*IF(Hitung!$C$7="Conquest",INDEX($AL$5:$AL$705,R28+J28+1)-INDEX($AL$5:$AL$705,R28+1),INDEX($AM$5:$AM$705,R28+J28+1)-INDEX($AM$5:$AM$705,R28+1)))} -> 4320000 | AA28: {=IF(K28=0,0,Hitung!$D$8*IF(Hitung!$C$8="Conquest",INDEX($AL$5:$AL$705,S28+K28+1)-INDEX($AL$5:$AL$705,S28+1),INDEX($AM$5:$AM$705,S28+K28+1)-INDEX($AM$5:$AM$705,S28+1)))} -> 0 | AB28: {=IF(L28=0,0,Hitung!$D$9*IF(Hitung!$C$9="Conquest",INDEX($AL$5:$AL$705,T28+L28+1)-INDEX($AL$5:$AL$705,T28+1),INDEX($AM$5:$AM$705,T28+L28+1)-INDEX($AM$5:$AM$705,T28+1)))} -> 0 | AC28: {=IF(M28=0,0,Hitung!$D$10*IF(Hitung!$C$10="Conquest",INDEX($AL$5:$AL$705,U28+M28+1)-INDEX($AL$5:$AL$705,U28+1),INDEX($AM$5:$AM$705,U28+M28+1)-INDEX($AM$5:$AM$705,U28+1)))} -> 28800000 | AD28: {=IF(N28=0,0,Hitung!$D$11*IF(Hitung!$C$11="Conquest",INDEX($AL$5:$AL$705,V28+N28+1)-INDEX($AL$5:$AL$705,V28+1),INDEX($AM$5:$AM$705,V28+N28+1)-INDEX($AM$5:$AM$705,V28+1)))} -> 0 | AE28: {=IF(O28=0,0,Hitung!$D$12*IF(Hitung!$C$12="Conquest",INDEX($AL$5:$AL$705,W28+O28+1)-INDEX($AL$5:$AL$705,W28+1),INDEX($AM$5:$AM$705,W28+O28+1)-INDEX($AM$5:$AM$705,W28+1)))} -> 0 | AF28: =SUM(X28:AE28) -> 67140000 | AG28: =IF(E28=1,AF28-Hitung!$AO$13,0) -> 0 | AH28: =IF(E28=1,Hitung!E5-Hitung!B18,0) -> 0 | AI28: =IF(AND(E28=1,AG28>0,AH28>0),AG28/AH28,0) -> 0 | AK28: 23 | AL28: =AL27+SUMIFS(Setting!$E$30:$E$39,Setting!$A$30:$A$39,AL$4,Setting!$C$30:$C$39,"<="&($AK28-1),Setting!$D$30:$D$39,">="&($AK28-1)) -> 23 | AM28: =AM27+SUMIFS(Setting!$E$30:$E$39,Setting!$A$30:$A$39,AM$4,Setting!$C$30:$C$39,"<="&($AK28-1),Setting!$D$30:$D$39,">="&($AK28-1)) -> 23
A29: 2 | B29: 2 | C29: =Hitung!A18 -> Roxarika | D29: =Hitung!B6 -> T3 | E29: =IF(AND(C29<>"",D29<>"",Hitung!B18>0,Hitung!E6>Hitung!B18,G29<>B29,F29>0),1,0) -> 1 | F29: =Hitung!D18 -> 21 | G29: =Hitung!X18 -> 3 | H29: =Hitung!$M$5-IF($G29=1,$F29,0)+IF($B29=1,$F29,0) -> 105 | I29: =Hitung!$M$6-IF($G29=2,$F29,0)+IF($B29=2,$F29,0) -> 21 | J29: =Hitung!$M$7-IF($G29=3,$F29,0)+IF($B29=3,$F29,0) -> 21 | K29: =Hitung!$M$8-IF($G29=4,$F29,0)+IF($B29=4,$F29,0) -> 0 | L29: =Hitung!$M$9-IF($G29=5,$F29,0)+IF($B29=5,$F29,0) -> 0 | M29: =Hitung!$M$10-IF($G29=6,$F29,0)+IF($B29=6,$F29,0) -> 61 | N29: =Hitung!$M$11-IF($G29=7,$F29,0)+IF($B29=7,$F29,0) -> 0 | O29: =Hitung!$M$12-IF($G29=8,$F29,0)+IF($B29=8,$F29,0) -> 0 | P29: =SUMPRODUCT($B$5:$I$5,$H29:$O29) -> 21 | Q29: =SUMPRODUCT($B$6:$I$6,$H29:$O29) -> 0 | R29: =SUMPRODUCT($B$7:$I$7,$H29:$O29) -> 61 | S29: =SUMPRODUCT($B$8:$I$8,$H29:$O29) -> 61 | T29: =SUMPRODUCT($B$9:$I$9,$H29:$O29) -> 61 | U29: =SUMPRODUCT($B$10:$I$10,$H29:$O29) -> 0 | V29: =SUMPRODUCT($B$11:$I$11,$H29:$O29) -> 0 | W29: =SUMPRODUCT($B$12:$I$12,$H29:$O29) -> 0 | X29: {=IF(H29=0,0,Hitung!$D$5*IF(Hitung!$C$5="Conquest",INDEX($AL$5:$AL$705,P29+H29+1)-INDEX($AL$5:$AL$705,P29+1),INDEX($AM$5:$AM$705,P29+H29+1)-INDEX($AM$5:$AM$705,P29+1)))} -> 27720000 | Y29: {=IF(I29=0,0,Hitung!$D$6*IF(Hitung!$C$6="Conquest",INDEX($AL$5:$AL$705,Q29+I29+1)-INDEX($AL$5:$AL$705,Q29+1),INDEX($AM$5:$AM$705,Q29+I29+1)-INDEX($AM$5:$AM$705,Q29+1)))} -> 8400000 | Z29: {=IF(J29=0,0,Hitung!$D$7*IF(Hitung!$C$7="Conquest",INDEX($AL$5:$AL$705,R29+J29+1)-INDEX($AL$5:$AL$705,R29+1),INDEX($AM$5:$AM$705,R29+J29+1)-INDEX($AM$5:$AM$705,R29+1)))} -> 4320000 | AA29: {=IF(K29=0,0,Hitung!$D$8*IF(Hitung!$C$8="Conquest",INDEX($AL$5:$AL$705,S29+K29+1)-INDEX($AL$5:$AL$705,S29+1),INDEX($AM$5:$AM$705,S29+K29+1)-INDEX($AM$5:$AM$705,S29+1)))} -> 0 | AB29: {=IF(L29=0,0,Hitung!$D$9*IF(Hitung!$C$9="Conquest",INDEX($AL$5:$AL$705,T29+L29+1)-INDEX($AL$5:$AL$705,T29+1),INDEX($AM$5:$AM$705,T29+L29+1)-INDEX($AM$5:$AM$705,T29+1)))} -> 0 | AC29: {=IF(M29=0,0,Hitung!$D$10*IF(Hitung!$C$10="Conquest",INDEX($AL$5:$AL$705,U29+M29+1)-INDEX($AL$5:$AL$705,U29+1),INDEX($AM$5:$AM$705,U29+M29+1)-INDEX($AM$5:$AM$705,U29+1)))} -> 28800000 | AD29: {=IF(N29=0,0,Hitung!$D$11*IF(Hitung!$C$11="Conquest",INDEX($AL$5:$AL$705,V29+N29+1)-INDEX($AL$5:$AL$705,V29+1),INDEX($AM$5:$AM$705,V29+N29+1)-INDEX($AM$5:$AM$705,V29+1)))} -> 0 | AE29: {=IF(O29=0,0,Hitung!$D$12*IF(Hitung!$C$12="Conquest",INDEX($AL$5:$AL$705,W29+O29+1)-INDEX($AL$5:$AL$705,W29+1),INDEX($AM$5:$AM$705,W29+O29+1)-INDEX($AM$5:$AM$705,W29+1)))} -> 0 | AF29: =SUM(X29:AE29) -> 69240000 | AG29: =IF(E29=1,AF29-Hitung!$AO$13,0) -> 3540000 | AH29: =IF(E29=1,Hitung!E6-Hitung!B18,0) -> 245 | AI29: =IF(AND(E29=1,AG29>0,AH29>0),AG29/AH29,0) -> 14448.98 | AK29: 24 | AL29: =AL28+SUMIFS(Setting!$E$30:$E$39,Setting!$A$30:$A$39,AL$4,Setting!$C$30:$C$39,"<="&($AK29-1),Setting!$D$30:$D$39,">="&($AK29-1)) -> 24 | AM29: =AM28+SUMIFS(Setting!$E$30:$E$39,Setting!$A$30:$A$39,AM$4,Setting!$C$30:$C$39,"<="&($AK29-1),Setting!$D$30:$D$39,">="&($AK29-1)) -> 24
A30: 2 | B30: 3 | C30: =Hitung!A18 -> Roxarika | D30: =Hitung!B7 -> S1 | E30: =IF(AND(C30<>"",D30<>"",Hitung!B18>0,Hitung!E7>Hitung!B18,G30<>B30,F30>0),1,0) -> 0 | F30: =Hitung!D18 -> 21 | G30: =Hitung!X18 -> 3 | H30: =Hitung!$M$5-IF($G30=1,$F30,0)+IF($B30=1,$F30,0) -> 105 | I30: =Hitung!$M$6-IF($G30=2,$F30,0)+IF($B30=2,$F30,0) -> 0 | J30: =Hitung!$M$7-IF($G30=3,$F30,0)+IF($B30=3,$F30,0) -> 42 | K30: =Hitung!$M$8-IF($G30=4,$F30,0)+IF($B30=4,$F30,0) -> 0 | L30: =Hitung!$M$9-IF($G30=5,$F30,0)+IF($B30=5,$F30,0) -> 0 | M30: =Hitung!$M$10-IF($G30=6,$F30,0)+IF($B30=6,$F30,0) -> 61 | N30: =Hitung!$M$11-IF($G30=7,$F30,0)+IF($B30=7,$F30,0) -> 0 | O30: =Hitung!$M$12-IF($G30=8,$F30,0)+IF($B30=8,$F30,0) -> 0 | P30: =SUMPRODUCT($B$5:$I$5,$H30:$O30) -> 0 | Q30: =SUMPRODUCT($B$6:$I$6,$H30:$O30) -> 0 | R30: =SUMPRODUCT($B$7:$I$7,$H30:$O30) -> 61 | S30: =SUMPRODUCT($B$8:$I$8,$H30:$O30) -> 61 | T30: =SUMPRODUCT($B$9:$I$9,$H30:$O30) -> 61 | U30: =SUMPRODUCT($B$10:$I$10,$H30:$O30) -> 0 | V30: =SUMPRODUCT($B$11:$I$11,$H30:$O30) -> 0 | W30: =SUMPRODUCT($B$12:$I$12,$H30:$O30) -> 0 | X30: {=IF(H30=0,0,Hitung!$D$5*IF(Hitung!$C$5="Conquest",INDEX($AL$5:$AL$705,P30+H30+1)-INDEX($AL$5:$AL$705,P30+1),INDEX($AM$5:$AM$705,P30+H30+1)-INDEX($AM$5:$AM$705,P30+1)))} -> 30240000 | Y30: {=IF(I30=0,0,Hitung!$D$6*IF(Hitung!$C$6="Conquest",INDEX($AL$5:$AL$705,Q30+I30+1)-INDEX($AL$5:$AL$705,Q30+1),INDEX($AM$5:$AM$705,Q30+I30+1)-INDEX($AM$5:$AM$705,Q30+1)))} -> 0 | Z30: {=IF(J30=0,0,Hitung!$D$7*IF(Hitung!$C$7="Conquest",INDEX($AL$5:$AL$705,R30+J30+1)-INDEX($AL$5:$AL$705,R30+1),INDEX($AM$5:$AM$705,R30+J30+1)-INDEX($AM$5:$AM$705,R30+1)))} -> 6660000 | AA30: {=IF(K30=0,0,Hitung!$D$8*IF(Hitung!$C$8="Conquest",INDEX($AL$5:$AL$705,S30+K30+1)-INDEX($AL$5:$AL$705,S30+1),INDEX($AM$5:$AM$705,S30+K30+1)-INDEX($AM$5:$AM$705,S30+1)))} -> 0 | AB30: {=IF(L30=0,0,Hitung!$D$9*IF(Hitung!$C$9="Conquest",INDEX($AL$5:$AL$705,T30+L30+1)-INDEX($AL$5:$AL$705,T30+1),INDEX($AM$5:$AM$705,T30+L30+1)-INDEX($AM$5:$AM$705,T30+1)))} -> 0 | AC30: {=IF(M30=0,0,Hitung!$D$10*IF(Hitung!$C$10="Conquest",INDEX($AL$5:$AL$705,U30+M30+1)-INDEX($AL$5:$AL$705,U30+1),INDEX($AM$5:$AM$705,U30+M30+1)-INDEX($AM$5:$AM$705,U30+1)))} -> 28800000 | AD30: {=IF(N30=0,0,Hitung!$D$11*IF(Hitung!$C$11="Conquest",INDEX($AL$5:$AL$705,V30+N30+1)-INDEX($AL$5:$AL$705,V30+1),INDEX($AM$5:$AM$705,V30+N30+1)-INDEX($AM$5:$AM$705,V30+1)))} -> 0 | AE30: {=IF(O30=0,0,Hitung!$D$12*IF(Hitung!$C$12="Conquest",INDEX($AL$5:$AL$705,W30+O30+1)-INDEX($AL$5:$AL$705,W30+1),INDEX($AM$5:$AM$705,W30+O30+1)-INDEX($AM$5:$AM$705,W30+1)))} -> 0 | AF30: =SUM(X30:AE30) -> 65700000 | AG30: =IF(E30=1,AF30-Hitung!$AO$13,0) -> 0 | AH30: =IF(E30=1,Hitung!E7-Hitung!B18,0) -> 0 | AI30: =IF(AND(E30=1,AG30>0,AH30>0),AG30/AH30,0) -> 0 | AK30: 25 | AL30: =AL29+SUMIFS(Setting!$E$30:$E$39,Setting!$A$30:$A$39,AL$4,Setting!$C$30:$C$39,"<="&($AK30-1),Setting!$D$30:$D$39,">="&($AK30-1)) -> 25 | AM30: =AM29+SUMIFS(Setting!$E$30:$E$39,Setting!$A$30:$A$39,AM$4,Setting!$C$30:$C$39,"<="&($AK30-1),Setting!$D$30:$D$39,">="&($AK30-1)) -> 25
A31: 2 | B31: 4 | C31: =Hitung!A18 -> Roxarika | D31: =Hitung!B8 -> S2 | E31: =IF(AND(C31<>"",D31<>"",Hitung!B18>0,Hitung!E8>Hitung!B18,G31<>B31,F31>0),1,0) -> 1 | F31: =Hitung!D18 -> 21 | G31: =Hitung!X18 -> 3 | H31: =Hitung!$M$5-IF($G31=1,$F31,0)+IF($B31=1,$F31,0) -> 105 | I31: =Hitung!$M$6-IF($G31=2,$F31,0)+IF($B31=2,$F31,0) -> 0 | J31: =Hitung!$M$7-IF($G31=3,$F31,0)+IF($B31=3,$F31,0) -> 21 | K31: =Hitung!$M$8-IF($G31=4,$F31,0)+IF($B31=4,$F31,0) -> 21 | L31: =Hitung!$M$9-IF($G31=5,$F31,0)+IF($B31=5,$F31,0) -> 0 | M31: =Hitung!$M$10-IF($G31=6,$F31,0)+IF($B31=6,$F31,0) -> 61 | N31: =Hitung!$M$11-IF($G31=7,$F31,0)+IF($B31=7,$F31,0) -> 0 | O31: =Hitung!$M$12-IF($G31=8,$F31,0)+IF($B31=8,$F31,0) -> 0 | P31: =SUMPRODUCT($B$5:$I$5,$H31:$O31) -> 0 | Q31: =SUMPRODUCT($B$6:$I$6,$H31:$O31) -> 0 | R31: =SUMPRODUCT($B$7:$I$7,$H31:$O31) -> 82 | S31: =SUMPRODUCT($B$8:$I$8,$H31:$O31) -> 61 | T31: =SUMPRODUCT($B$9:$I$9,$H31:$O31) -> 61 | U31: =SUMPRODUCT($B$10:$I$10,$H31:$O31) -> 0 | V31: =SUMPRODUCT($B$11:$I$11,$H31:$O31) -> 0 | W31: =SUMPRODUCT($B$12:$I$12,$H31:$O31) -> 0 | X31: {=IF(H31=0,0,Hitung!$D$5*IF(Hitung!$C$5="Conquest",INDEX($AL$5:$AL$705,P31+H31+1)-INDEX($AL$5:$AL$705,P31+1),INDEX($AM$5:$AM$705,P31+H31+1)-INDEX($AM$5:$AM$705,P31+1)))} -> 30240000 | Y31: {=IF(I31=0,0,Hitung!$D$6*IF(Hitung!$C$6="Conquest",INDEX($AL$5:$AL$705,Q31+I31+1)-INDEX($AL$5:$AL$705,Q31+1),INDEX($AM$5:$AM$705,Q31+I31+1)-INDEX($AM$5:$AM$705,Q31+1)))} -> 0 | Z31: {=IF(J31=0,0,Hitung!$D$7*IF(Hitung!$C$7="Conquest",INDEX($AL$5:$AL$705,R31+J31+1)-INDEX($AL$5:$AL$705,R31+1),INDEX($AM$5:$AM$705,R31+J31+1)-INDEX($AM$5:$AM$705,R31+1)))} -> 2340000 | AA31: {=IF(K31=0,0,Hitung!$D$8*IF(Hitung!$C$8="Conquest",INDEX($AL$5:$AL$705,S31+K31+1)-INDEX($AL$5:$AL$705,S31+1),INDEX($AM$5:$AM$705,S31+K31+1)-INDEX($AM$5:$AM$705,S31+1)))} -> 5184000 | AB31: {=IF(L31=0,0,Hitung!$D$9*IF(Hitung!$C$9="Conquest",INDEX($AL$5:$AL$705,T31+L31+1)-INDEX($AL$5:$AL$705,T31+1),INDEX($AM$5:$AM$705,T31+L31+1)-INDEX($AM$5:$AM$705,T31+1)))} -> 0 | AC31: {=IF(M31=0,0,Hitung!$D$10*IF(Hitung!$C$10="Conquest",INDEX($AL$5:$AL$705,U31+M31+1)-INDEX($AL$5:$AL$705,U31+1),INDEX($AM$5:$AM$705,U31+M31+1)-INDEX($AM$5:$AM$705,U31+1)))} -> 28800000 | AD31: {=IF(N31=0,0,Hitung!$D$11*IF(Hitung!$C$11="Conquest",INDEX($AL$5:$AL$705,V31+N31+1)-INDEX($AL$5:$AL$705,V31+1),INDEX($AM$5:$AM$705,V31+N31+1)-INDEX($AM$5:$AM$705,V31+1)))} -> 0 | AE31: {=IF(O31=0,0,Hitung!$D$12*IF(Hitung!$C$12="Conquest",INDEX($AL$5:$AL$705,W31+O31+1)-INDEX($AL$5:$AL$705,W31+1),INDEX($AM$5:$AM$705,W31+O31+1)-INDEX($AM$5:$AM$705,W31+1)))} -> 0 | AF31: =SUM(X31:AE31) -> 66564000 | AG31: =IF(E31=1,AF31-Hitung!$AO$13,0) -> 864000 | AH31: =IF(E31=1,Hitung!E8-Hitung!B18,0) -> 45 | AI31: =IF(AND(E31=1,AG31>0,AH31>0),AG31/AH31,0) -> 19200 | AK31: 26 | AL31: =AL30+SUMIFS(Setting!$E$30:$E$39,Setting!$A$30:$A$39,AL$4,Setting!$C$30:$C$39,"<="&($AK31-1),Setting!$D$30:$D$39,">="&($AK31-1)) -> 26 | AM31: =AM30+SUMIFS(Setting!$E$30:$E$39,Setting!$A$30:$A$39,AM$4,Setting!$C$30:$C$39,"<="&($AK31-1),Setting!$D$30:$D$39,">="&($AK31-1)) -> 26
A32: 2 | B32: 5 | C32: =Hitung!A18 -> Roxarika | D32: =Hitung!B9 -> S3 | E32: =IF(AND(C32<>"",D32<>"",Hitung!B18>0,Hitung!E9>Hitung!B18,G32<>B32,F32>0),1,0) -> 1 | F32: =Hitung!D18 -> 21 | G32: =Hitung!X18 -> 3 | H32: =Hitung!$M$5-IF($G32=1,$F32,0)+IF($B32=1,$F32,0) -> 105 | I32: =Hitung!$M$6-IF($G32=2,$F32,0)+IF($B32=2,$F32,0) -> 0 | J32: =Hitung!$M$7-IF($G32=3,$F32,0)+IF($B32=3,$F32,0) -> 21 | K32: =Hitung!$M$8-IF($G32=4,$F32,0)+IF($B32=4,$F32,0) -> 0 | L32: =Hitung!$M$9-IF($G32=5,$F32,0)+IF($B32=5,$F32,0) -> 21 | M32: =Hitung!$M$10-IF($G32=6,$F32,0)+IF($B32=6,$F32,0) -> 61 | N32: =Hitung!$M$11-IF($G32=7,$F32,0)+IF($B32=7,$F32,0) -> 0 | O32: =Hitung!$M$12-IF($G32=8,$F32,0)+IF($B32=8,$F32,0) -> 0 | P32: =SUMPRODUCT($B$5:$I$5,$H32:$O32) -> 0 | Q32: =SUMPRODUCT($B$6:$I$6,$H32:$O32) -> 0 | R32: =SUMPRODUCT($B$7:$I$7,$H32:$O32) -> 82 | S32: =SUMPRODUCT($B$8:$I$8,$H32:$O32) -> 82 | T32: =SUMPRODUCT($B$9:$I$9,$H32:$O32) -> 61 | U32: =SUMPRODUCT($B$10:$I$10,$H32:$O32) -> 0 | V32: =SUMPRODUCT($B$11:$I$11,$H32:$O32) -> 0 | W32: =SUMPRODUCT($B$12:$I$12,$H32:$O32) -> 0 | X32: {=IF(H32=0,0,Hitung!$D$5*IF(Hitung!$C$5="Conquest",INDEX($AL$5:$AL$705,P32+H32+1)-INDEX($AL$5:$AL$705,P32+1),INDEX($AM$5:$AM$705,P32+H32+1)-INDEX($AM$5:$AM$705,P32+1)))} -> 30240000 | Y32: {=IF(I32=0,0,Hitung!$D$6*IF(Hitung!$C$6="Conquest",INDEX($AL$5:$AL$705,Q32+I32+1)-INDEX($AL$5:$AL$705,Q32+1),INDEX($AM$5:$AM$705,Q32+I32+1)-INDEX($AM$5:$AM$705,Q32+1)))} -> 0 | Z32: {=IF(J32=0,0,Hitung!$D$7*IF(Hitung!$C$7="Conquest",INDEX($AL$5:$AL$705,R32+J32+1)-INDEX($AL$5:$AL$705,R32+1),INDEX($AM$5:$AM$705,R32+J32+1)-INDEX($AM$5:$AM$705,R32+1)))} -> 2340000 | AA32: {=IF(K32=0,0,Hitung!$D$8*IF(Hitung!$C$8="Conquest",INDEX($AL$5:$AL$705,S32+K32+1)-INDEX($AL$5:$AL$705,S32+1),INDEX($AM$5:$AM$705,S32+K32+1)-INDEX($AM$5:$AM$705,S32+1)))} -> 0 | AB32: {=IF(L32=0,0,Hitung!$D$9*IF(Hitung!$C$9="Conquest",INDEX($AL$5:$AL$705,T32+L32+1)-INDEX($AL$5:$AL$705,T32+1),INDEX($AM$5:$AM$705,T32+L32+1)-INDEX($AM$5:$AM$705,T32+1)))} -> 6048000 | AC32: {=IF(M32=0,0,Hitung!$D$10*IF(Hitung!$C$10="Conquest",INDEX($AL$5:$AL$705,U32+M32+1)-INDEX($AL$5:$AL$705,U32+1),INDEX($AM$5:$AM$705,U32+M32+1)-INDEX($AM$5:$AM$705,U32+1)))} -> 28800000 | AD32: {=IF(N32=0,0,Hitung!$D$11*IF(Hitung!$C$11="Conquest",INDEX($AL$5:$AL$705,V32+N32+1)-INDEX($AL$5:$AL$705,V32+1),INDEX($AM$5:$AM$705,V32+N32+1)-INDEX($AM$5:$AM$705,V32+1)))} -> 0 | AE32: {=IF(O32=0,0,Hitung!$D$12*IF(Hitung!$C$12="Conquest",INDEX($AL$5:$AL$705,W32+O32+1)-INDEX($AL$5:$AL$705,W32+1),INDEX($AM$5:$AM$705,W32+O32+1)-INDEX($AM$5:$AM$705,W32+1)))} -> 0 | AF32: =SUM(X32:AE32) -> 67428000 | AG32: =IF(E32=1,AF32-Hitung!$AO$13,0) -> 1728000 | AH32: =IF(E32=1,Hitung!E9-Hitung!B18,0) -> 345 | AI32: =IF(AND(E32=1,AG32>0,AH32>0),AG32/AH32,0) -> 5008.6957 | AK32: 27 | AL32: =AL31+SUMIFS(Setting!$E$30:$E$39,Setting!$A$30:$A$39,AL$4,Setting!$C$30:$C$39,"<="&($AK32-1),Setting!$D$30:$D$39,">="&($AK32-1)) -> 27 | AM32: =AM31+SUMIFS(Setting!$E$30:$E$39,Setting!$A$30:$A$39,AM$4,Setting!$C$30:$C$39,"<="&($AK32-1),Setting!$D$30:$D$39,">="&($AK32-1)) -> 27
A33: 2 | B33: 6 | C33: =Hitung!A18 -> Roxarika | D33: =Hitung!B10 -> S4 | E33: =IF(AND(C33<>"",D33<>"",Hitung!B18>0,Hitung!E10>Hitung!B18,G33<>B33,F33>0),1,0) -> 1 | F33: =Hitung!D18 -> 21 | G33: =Hitung!X18 -> 3 | H33: =Hitung!$M$5-IF($G33=1,$F33,0)+IF($B33=1,$F33,0) -> 105 | I33: =Hitung!$M$6-IF($G33=2,$F33,0)+IF($B33=2,$F33,0) -> 0 | J33: =Hitung!$M$7-IF($G33=3,$F33,0)+IF($B33=3,$F33,0) -> 21 | K33: =Hitung!$M$8-IF($G33=4,$F33,0)+IF($B33=4,$F33,0) -> 0 | L33: =Hitung!$M$9-IF($G33=5,$F33,0)+IF($B33=5,$F33,0) -> 0 | M33: =Hitung!$M$10-IF($G33=6,$F33,0)+IF($B33=6,$F33,0) -> 82 | N33: =Hitung!$M$11-IF($G33=7,$F33,0)+IF($B33=7,$F33,0) -> 0 | O33: =Hitung!$M$12-IF($G33=8,$F33,0)+IF($B33=8,$F33,0) -> 0 | P33: =SUMPRODUCT($B$5:$I$5,$H33:$O33) -> 0 | Q33: =SUMPRODUCT($B$6:$I$6,$H33:$O33) -> 0 | R33: =SUMPRODUCT($B$7:$I$7,$H33:$O33) -> 82 | S33: =SUMPRODUCT($B$8:$I$8,$H33:$O33) -> 82 | T33: =SUMPRODUCT($B$9:$I$9,$H33:$O33) -> 82 | U33: =SUMPRODUCT($B$10:$I$10,$H33:$O33) -> 0 | V33: =SUMPRODUCT($B$11:$I$11,$H33:$O33) -> 0 | W33: =SUMPRODUCT($B$12:$I$12,$H33:$O33) -> 0 | X33: {=IF(H33=0,0,Hitung!$D$5*IF(Hitung!$C$5="Conquest",INDEX($AL$5:$AL$705,P33+H33+1)-INDEX($AL$5:$AL$705,P33+1),INDEX($AM$5:$AM$705,P33+H33+1)-INDEX($AM$5:$AM$705,P33+1)))} -> 30240000 | Y33: {=IF(I33=0,0,Hitung!$D$6*IF(Hitung!$C$6="Conquest",INDEX($AL$5:$AL$705,Q33+I33+1)-INDEX($AL$5:$AL$705,Q33+1),INDEX($AM$5:$AM$705,Q33+I33+1)-INDEX($AM$5:$AM$705,Q33+1)))} -> 0 | Z33: {=IF(J33=0,0,Hitung!$D$7*IF(Hitung!$C$7="Conquest",INDEX($AL$5:$AL$705,R33+J33+1)-INDEX($AL$5:$AL$705,R33+1),INDEX($AM$5:$AM$705,R33+J33+1)-INDEX($AM$5:$AM$705,R33+1)))} -> 2340000 | AA33: {=IF(K33=0,0,Hitung!$D$8*IF(Hitung!$C$8="Conquest",INDEX($AL$5:$AL$705,S33+K33+1)-INDEX($AL$5:$AL$705,S33+1),INDEX($AM$5:$AM$705,S33+K33+1)-INDEX($AM$5:$AM$705,S33+1)))} -> 0 | AB33: {=IF(L33=0,0,Hitung!$D$9*IF(Hitung!$C$9="Conquest",INDEX($AL$5:$AL$705,T33+L33+1)-INDEX($AL$5:$AL$705,T33+1),INDEX($AM$5:$AM$705,T33+L33+1)-INDEX($AM$5:$AM$705,T33+1)))} -> 0 | AC33: {=IF(M33=0,0,Hitung!$D$10*IF(Hitung!$C$10="Conquest",INDEX($AL$5:$AL$705,U33+M33+1)-INDEX($AL$5:$AL$705,U33+1),INDEX($AM$5:$AM$705,U33+M33+1)-INDEX($AM$5:$AM$705,U33+1)))} -> 35712000 | AD33: {=IF(N33=0,0,Hitung!$D$11*IF(Hitung!$C$11="Conquest",INDEX($AL$5:$AL$705,V33+N33+1)-INDEX($AL$5:$AL$705,V33+1),INDEX($AM$5:$AM$705,V33+N33+1)-INDEX($AM$5:$AM$705,V33+1)))} -> 0 | AE33: {=IF(O33=0,0,Hitung!$D$12*IF(Hitung!$C$12="Conquest",INDEX($AL$5:$AL$705,W33+O33+1)-INDEX($AL$5:$AL$705,W33+1),INDEX($AM$5:$AM$705,W33+O33+1)-INDEX($AM$5:$AM$705,W33+1)))} -> 0 | AF33: =SUM(X33:AE33) -> 68292000 | AG33: =IF(E33=1,AF33-Hitung!$AO$13,0) -> 2592000 | AH33: =IF(E33=1,Hitung!E10-Hitung!B18,0) -> 645 | AI33: =IF(AND(E33=1,AG33>0,AH33>0),AG33/AH33,0) -> 4018.6047 | AK33: 28 | AL33: =AL32+SUMIFS(Setting!$E$30:$E$39,Setting!$A$30:$A$39,AL$4,Setting!$C$30:$C$39,"<="&($AK33-1),Setting!$D$30:$D$39,">="&($AK33-1)) -> 28 | AM33: =AM32+SUMIFS(Setting!$E$30:$E$39,Setting!$A$30:$A$39,AM$4,Setting!$C$30:$C$39,"<="&($AK33-1),Setting!$D$30:$D$39,">="&($AK33-1)) -> 28
A34: 2 | B34: 7 | C34: =Hitung!A18 -> Roxarika | D34: =Hitung!B11 | E34: =IF(AND(C34<>"",D34<>"",Hitung!B18>0,Hitung!E11>Hitung!B18,G34<>B34,F34>0),1,0) -> 0 | F34: =Hitung!D18 -> 21 | G34: =Hitung!X18 -> 3 | H34: =Hitung!$M$5-IF($G34=1,$F34,0)+IF($B34=1,$F34,0) -> 105 | I34: =Hitung!$M$6-IF($G34=2,$F34,0)+IF($B34=2,$F34,0) -> 0 | J34: =Hitung!$M$7-IF($G34=3,$F34,0)+IF($B34=3,$F34,0) -> 21 | K34: =Hitung!$M$8-IF($G34=4,$F34,0)+IF($B34=4,$F34,0) -> 0 | L34: =Hitung!$M$9-IF($G34=5,$F34,0)+IF($B34=5,$F34,0) -> 0 | M34: =Hitung!$M$10-IF($G34=6,$F34,0)+IF($B34=6,$F34,0) -> 61 | N34: =Hitung!$M$11-IF($G34=7,$F34,0)+IF($B34=7,$F34,0) -> 21 | O34: =Hitung!$M$12-IF($G34=8,$F34,0)+IF($B34=8,$F34,0) -> 0 | P34: =SUMPRODUCT($B$5:$I$5,$H34:$O34) -> 0 | Q34: =SUMPRODUCT($B$6:$I$6,$H34:$O34) -> 0 | R34: =SUMPRODUCT($B$7:$I$7,$H34:$O34) -> 61 | S34: =SUMPRODUCT($B$8:$I$8,$H34:$O34) -> 61 | T34: =SUMPRODUCT($B$9:$I$9,$H34:$O34) -> 61 | U34: =SUMPRODUCT($B$10:$I$10,$H34:$O34) -> 0 | V34: =SUMPRODUCT($B$11:$I$11,$H34:$O34) -> 0 | W34: =SUMPRODUCT($B$12:$I$12,$H34:$O34) -> 0 | X34: {=IF(H34=0,0,Hitung!$D$5*IF(Hitung!$C$5="Conquest",INDEX($AL$5:$AL$705,P34+H34+1)-INDEX($AL$5:$AL$705,P34+1),INDEX($AM$5:$AM$705,P34+H34+1)-INDEX($AM$5:$AM$705,P34+1)))} -> 30240000 | Y34: {=IF(I34=0,0,Hitung!$D$6*IF(Hitung!$C$6="Conquest",INDEX($AL$5:$AL$705,Q34+I34+1)-INDEX($AL$5:$AL$705,Q34+1),INDEX($AM$5:$AM$705,Q34+I34+1)-INDEX($AM$5:$AM$705,Q34+1)))} -> 0 | Z34: {=IF(J34=0,0,Hitung!$D$7*IF(Hitung!$C$7="Conquest",INDEX($AL$5:$AL$705,R34+J34+1)-INDEX($AL$5:$AL$705,R34+1),INDEX($AM$5:$AM$705,R34+J34+1)-INDEX($AM$5:$AM$705,R34+1)))} -> 4320000 | AA34: {=IF(K34=0,0,Hitung!$D$8*IF(Hitung!$C$8="Conquest",INDEX($AL$5:$AL$705,S34+K34+1)-INDEX($AL$5:$AL$705,S34+1),INDEX($AM$5:$AM$705,S34+K34+1)-INDEX($AM$5:$AM$705,S34+1)))} -> 0 | AB34: {=IF(L34=0,0,Hitung!$D$9*IF(Hitung!$C$9="Conquest",INDEX($AL$5:$AL$705,T34+L34+1)-INDEX($AL$5:$AL$705,T34+1),INDEX($AM$5:$AM$705,T34+L34+1)-INDEX($AM$5:$AM$705,T34+1)))} -> 0 | AC34: {=IF(M34=0,0,Hitung!$D$10*IF(Hitung!$C$10="Conquest",INDEX($AL$5:$AL$705,U34+M34+1)-INDEX($AL$5:$AL$705,U34+1),INDEX($AM$5:$AM$705,U34+M34+1)-INDEX($AM$5:$AM$705,U34+1)))} -> 28800000 | AD34: {=IF(N34=0,0,Hitung!$D$11*IF(Hitung!$C$11="Conquest",INDEX($AL$5:$AL$705,V34+N34+1)-INDEX($AL$5:$AL$705,V34+1),INDEX($AM$5:$AM$705,V34+N34+1)-INDEX($AM$5:$AM$705,V34+1)))} -> 0 | AE34: {=IF(O34=0,0,Hitung!$D$12*IF(Hitung!$C$12="Conquest",INDEX($AL$5:$AL$705,W34+O34+1)-INDEX($AL$5:$AL$705,W34+1),INDEX($AM$5:$AM$705,W34+O34+1)-INDEX($AM$5:$AM$705,W34+1)))} -> 0 | AF34: =SUM(X34:AE34) -> 63360000 | AG34: =IF(E34=1,AF34-Hitung!$AO$13,0) -> 0 | AH34: =IF(E34=1,Hitung!E11-Hitung!B18,0) -> 0 | AI34: =IF(AND(E34=1,AG34>0,AH34>0),AG34/AH34,0) -> 0 | AK34: 29 | AL34: =AL33+SUMIFS(Setting!$E$30:$E$39,Setting!$A$30:$A$39,AL$4,Setting!$C$30:$C$39,"<="&($AK34-1),Setting!$D$30:$D$39,">="&($AK34-1)) -> 29 | AM34: =AM33+SUMIFS(Setting!$E$30:$E$39,Setting!$A$30:$A$39,AM$4,Setting!$C$30:$C$39,"<="&($AK34-1),Setting!$D$30:$D$39,">="&($AK34-1)) -> 29
A35: 2 | B35: 8 | C35: =Hitung!A18 -> Roxarika | D35: =Hitung!B12 | E35: =IF(AND(C35<>"",D35<>"",Hitung!B18>0,Hitung!E12>Hitung!B18,G35<>B35,F35>0),1,0) -> 0 | F35: =Hitung!D18 -> 21 | G35: =Hitung!X18 -> 3 | H35: =Hitung!$M$5-IF($G35=1,$F35,0)+IF($B35=1,$F35,0) -> 105 | I35: =Hitung!$M$6-IF($G35=2,$F35,0)+IF($B35=2,$F35,0) -> 0 | J35: =Hitung!$M$7-IF($G35=3,$F35,0)+IF($B35=3,$F35,0) -> 21 | K35: =Hitung!$M$8-IF($G35=4,$F35,0)+IF($B35=4,$F35,0) -> 0 | L35: =Hitung!$M$9-IF($G35=5,$F35,0)+IF($B35=5,$F35,0) -> 0 | M35: =Hitung!$M$10-IF($G35=6,$F35,0)+IF($B35=6,$F35,0) -> 61 | N35: =Hitung!$M$11-IF($G35=7,$F35,0)+IF($B35=7,$F35,0) -> 0 | O35: =Hitung!$M$12-IF($G35=8,$F35,0)+IF($B35=8,$F35,0) -> 21 | P35: =SUMPRODUCT($B$5:$I$5,$H35:$O35) -> 0 | Q35: =SUMPRODUCT($B$6:$I$6,$H35:$O35) -> 0 | R35: =SUMPRODUCT($B$7:$I$7,$H35:$O35) -> 61 | S35: =SUMPRODUCT($B$8:$I$8,$H35:$O35) -> 61 | T35: =SUMPRODUCT($B$9:$I$9,$H35:$O35) -> 61 | U35: =SUMPRODUCT($B$10:$I$10,$H35:$O35) -> 0 | V35: =SUMPRODUCT($B$11:$I$11,$H35:$O35) -> 0 | W35: =SUMPRODUCT($B$12:$I$12,$H35:$O35) -> 0 | X35: {=IF(H35=0,0,Hitung!$D$5*IF(Hitung!$C$5="Conquest",INDEX($AL$5:$AL$705,P35+H35+1)-INDEX($AL$5:$AL$705,P35+1),INDEX($AM$5:$AM$705,P35+H35+1)-INDEX($AM$5:$AM$705,P35+1)))} -> 30240000 | Y35: {=IF(I35=0,0,Hitung!$D$6*IF(Hitung!$C$6="Conquest",INDEX($AL$5:$AL$705,Q35+I35+1)-INDEX($AL$5:$AL$705,Q35+1),INDEX($AM$5:$AM$705,Q35+I35+1)-INDEX($AM$5:$AM$705,Q35+1)))} -> 0 | Z35: {=IF(J35=0,0,Hitung!$D$7*IF(Hitung!$C$7="Conquest",INDEX($AL$5:$AL$705,R35+J35+1)-INDEX($AL$5:$AL$705,R35+1),INDEX($AM$5:$AM$705,R35+J35+1)-INDEX($AM$5:$AM$705,R35+1)))} -> 4320000 | AA35: {=IF(K35=0,0,Hitung!$D$8*IF(Hitung!$C$8="Conquest",INDEX($AL$5:$AL$705,S35+K35+1)-INDEX($AL$5:$AL$705,S35+1),INDEX($AM$5:$AM$705,S35+K35+1)-INDEX($AM$5:$AM$705,S35+1)))} -> 0 | AB35: {=IF(L35=0,0,Hitung!$D$9*IF(Hitung!$C$9="Conquest",INDEX($AL$5:$AL$705,T35+L35+1)-INDEX($AL$5:$AL$705,T35+1),INDEX($AM$5:$AM$705,T35+L35+1)-INDEX($AM$5:$AM$705,T35+1)))} -> 0 | AC35: {=IF(M35=0,0,Hitung!$D$10*IF(Hitung!$C$10="Conquest",INDEX($AL$5:$AL$705,U35+M35+1)-INDEX($AL$5:$AL$705,U35+1),INDEX($AM$5:$AM$705,U35+M35+1)-INDEX($AM$5:$AM$705,U35+1)))} -> 28800000 | AD35: {=IF(N35=0,0,Hitung!$D$11*IF(Hitung!$C$11="Conquest",INDEX($AL$5:$AL$705,V35+N35+1)-INDEX($AL$5:$AL$705,V35+1),INDEX($AM$5:$AM$705,V35+N35+1)-INDEX($AM$5:$AM$705,V35+1)))} -> 0 | AE35: {=IF(O35=0,0,Hitung!$D$12*IF(Hitung!$C$12="Conquest",INDEX($AL$5:$AL$705,W35+O35+1)-INDEX($AL$5:$AL$705,W35+1),INDEX($AM$5:$AM$705,W35+O35+1)-INDEX($AM$5:$AM$705,W35+1)))} -> 0 | AF35: =SUM(X35:AE35) -> 63360000 | AG35: =IF(E35=1,AF35-Hitung!$AO$13,0) -> 0 | AH35: =IF(E35=1,Hitung!E12-Hitung!B18,0) -> 0 | AI35: =IF(AND(E35=1,AG35>0,AH35>0),AG35/AH35,0) -> 0 | AK35: 30 | AL35: =AL34+SUMIFS(Setting!$E$30:$E$39,Setting!$A$30:$A$39,AL$4,Setting!$C$30:$C$39,"<="&($AK35-1),Setting!$D$30:$D$39,">="&($AK35-1)) -> 30 | AM35: =AM34+SUMIFS(Setting!$E$30:$E$39,Setting!$A$30:$A$39,AM$4,Setting!$C$30:$C$39,"<="&($AK35-1),Setting!$D$30:$D$39,">="&($AK35-1)) -> 30
A36: 3 | B36: 1 | C36: =Hitung!A19 -> Crosley | D36: =Hitung!B5 -> T2 | E36: =IF(AND(C36<>"",D36<>"",Hitung!B19>0,Hitung!E5>Hitung!B19,G36<>B36,F36>0),1,0) -> 0 | F36: =Hitung!D19 -> 21 | G36: =Hitung!X19 -> 1 | H36: =Hitung!$M$5-IF($G36=1,$F36,0)+IF($B36=1,$F36,0) -> 105 | I36: =Hitung!$M$6-IF($G36=2,$F36,0)+IF($B36=2,$F36,0) -> 0 | J36: =Hitung!$M$7-IF($G36=3,$F36,0)+IF($B36=3,$F36,0) -> 42 | K36: =Hitung!$M$8-IF($G36=4,$F36,0)+IF($B36=4,$F36,0) -> 0 | L36: =Hitung!$M$9-IF($G36=5,$F36,0)+IF($B36=5,$F36,0) -> 0 | M36: =Hitung!$M$10-IF($G36=6,$F36,0)+IF($B36=6,$F36,0) -> 61 | N36: =Hitung!$M$11-IF($G36=7,$F36,0)+IF($B36=7,$F36,0) -> 0 | O36: =Hitung!$M$12-IF($G36=8,$F36,0)+IF($B36=8,$F36,0) -> 0 | P36: =SUMPRODUCT($B$5:$I$5,$H36:$O36) -> 0 | Q36: =SUMPRODUCT($B$6:$I$6,$H36:$O36) -> 0 | R36: =SUMPRODUCT($B$7:$I$7,$H36:$O36) -> 61 | S36: =SUMPRODUCT($B$8:$I$8,$H36:$O36) -> 61 | T36: =SUMPRODUCT($B$9:$I$9,$H36:$O36) -> 61 | U36: =SUMPRODUCT($B$10:$I$10,$H36:$O36) -> 0 | V36: =SUMPRODUCT($B$11:$I$11,$H36:$O36) -> 0 | W36: =SUMPRODUCT($B$12:$I$12,$H36:$O36) -> 0 | X36: {=IF(H36=0,0,Hitung!$D$5*IF(Hitung!$C$5="Conquest",INDEX($AL$5:$AL$705,P36+H36+1)-INDEX($AL$5:$AL$705,P36+1),INDEX($AM$5:$AM$705,P36+H36+1)-INDEX($AM$5:$AM$705,P36+1)))} -> 30240000 | Y36: {=IF(I36=0,0,Hitung!$D$6*IF(Hitung!$C$6="Conquest",INDEX($AL$5:$AL$705,Q36+I36+1)-INDEX($AL$5:$AL$705,Q36+1),INDEX($AM$5:$AM$705,Q36+I36+1)-INDEX($AM$5:$AM$705,Q36+1)))} -> 0 | Z36: {=IF(J36=0,0,Hitung!$D$7*IF(Hitung!$C$7="Conquest",INDEX($AL$5:$AL$705,R36+J36+1)-INDEX($AL$5:$AL$705,R36+1),INDEX($AM$5:$AM$705,R36+J36+1)-INDEX($AM$5:$AM$705,R36+1)))} -> 6660000 | AA36: {=IF(K36=0,0,Hitung!$D$8*IF(Hitung!$C$8="Conquest",INDEX($AL$5:$AL$705,S36+K36+1)-INDEX($AL$5:$AL$705,S36+1),INDEX($AM$5:$AM$705,S36+K36+1)-INDEX($AM$5:$AM$705,S36+1)))} -> 0 | AB36: {=IF(L36=0,0,Hitung!$D$9*IF(Hitung!$C$9="Conquest",INDEX($AL$5:$AL$705,T36+L36+1)-INDEX($AL$5:$AL$705,T36+1),INDEX($AM$5:$AM$705,T36+L36+1)-INDEX($AM$5:$AM$705,T36+1)))} -> 0 | AC36: {=IF(M36=0,0,Hitung!$D$10*IF(Hitung!$C$10="Conquest",INDEX($AL$5:$AL$705,U36+M36+1)-INDEX($AL$5:$AL$705,U36+1),INDEX($AM$5:$AM$705,U36+M36+1)-INDEX($AM$5:$AM$705,U36+1)))} -> 28800000 | AD36: {=IF(N36=0,0,Hitung!$D$11*IF(Hitung!$C$11="Conquest",INDEX($AL$5:$AL$705,V36+N36+1)-INDEX($AL$5:$AL$705,V36+1),INDEX($AM$5:$AM$705,V36+N36+1)-INDEX($AM$5:$AM$705,V36+1)))} -> 0 | AE36: {=IF(O36=0,0,Hitung!$D$12*IF(Hitung!$C$12="Conquest",INDEX($AL$5:$AL$705,W36+O36+1)-INDEX($AL$5:$AL$705,W36+1),INDEX($AM$5:$AM$705,W36+O36+1)-INDEX($AM$5:$AM$705,W36+1)))} -> 0 | AF36: =SUM(X36:AE36) -> 65700000 | AG36: =IF(E36=1,AF36-Hitung!$AO$13,0) -> 0 | AH36: =IF(E36=1,Hitung!E5-Hitung!B19,0) -> 0 | AI36: =IF(AND(E36=1,AG36>0,AH36>0),AG36/AH36,0) -> 0 | AK36: 31 | AL36: =AL35+SUMIFS(Setting!$E$30:$E$39,Setting!$A$30:$A$39,AL$4,Setting!$C$30:$C$39,"<="&($AK36-1),Setting!$D$30:$D$39,">="&($AK36-1)) -> 31 | AM36: =AM35+SUMIFS(Setting!$E$30:$E$39,Setting!$A$30:$A$39,AM$4,Setting!$C$30:$C$39,"<="&($AK36-1),Setting!$D$30:$D$39,">="&($AK36-1)) -> 31
A37: 3 | B37: 2 | C37: =Hitung!A19 -> Crosley | D37: =Hitung!B6 -> T3 | E37: =IF(AND(C37<>"",D37<>"",Hitung!B19>0,Hitung!E6>Hitung!B19,G37<>B37,F37>0),1,0) -> 1 | F37: =Hitung!D19 -> 21 | G37: =Hitung!X19 -> 1 | H37: =Hitung!$M$5-IF($G37=1,$F37,0)+IF($B37=1,$F37,0) -> 84 | I37: =Hitung!$M$6-IF($G37=2,$F37,0)+IF($B37=2,$F37,0) -> 21 | J37: =Hitung!$M$7-IF($G37=3,$F37,0)+IF($B37=3,$F37,0) -> 42 | K37: =Hitung!$M$8-IF($G37=4,$F37,0)+IF($B37=4,$F37,0) -> 0 | L37: =Hitung!$M$9-IF($G37=5,$F37,0)+IF($B37=5,$F37,0) -> 0 | M37: =Hitung!$M$10-IF($G37=6,$F37,0)+IF($B37=6,$F37,0) -> 61 | N37: =Hitung!$M$11-IF($G37=7,$F37,0)+IF($B37=7,$F37,0) -> 0 | O37: =Hitung!$M$12-IF($G37=8,$F37,0)+IF($B37=8,$F37,0) -> 0 | P37: =SUMPRODUCT($B$5:$I$5,$H37:$O37) -> 21 | Q37: =SUMPRODUCT($B$6:$I$6,$H37:$O37) -> 0 | R37: =SUMPRODUCT($B$7:$I$7,$H37:$O37) -> 61 | S37: =SUMPRODUCT($B$8:$I$8,$H37:$O37) -> 61 | T37: =SUMPRODUCT($B$9:$I$9,$H37:$O37) -> 61 | U37: =SUMPRODUCT($B$10:$I$10,$H37:$O37) -> 0 | V37: =SUMPRODUCT($B$11:$I$11,$H37:$O37) -> 0 | W37: =SUMPRODUCT($B$12:$I$12,$H37:$O37) -> 0 | X37: {=IF(H37=0,0,Hitung!$D$5*IF(Hitung!$C$5="Conquest",INDEX($AL$5:$AL$705,P37+H37+1)-INDEX($AL$5:$AL$705,P37+1),INDEX($AM$5:$AM$705,P37+H37+1)-INDEX($AM$5:$AM$705,P37+1)))} -> 23940000 | Y37: {=IF(I37=0,0,Hitung!$D$6*IF(Hitung!$C$6="Conquest",INDEX($AL$5:$AL$705,Q37+I37+1)-INDEX($AL$5:$AL$705,Q37+1),INDEX($AM$5:$AM$705,Q37+I37+1)-INDEX($AM$5:$AM$705,Q37+1)))} -> 8400000 | Z37: {=IF(J37=0,0,Hitung!$D$7*IF(Hitung!$C$7="Conquest",INDEX($AL$5:$AL$705,R37+J37+1)-INDEX($AL$5:$AL$705,R37+1),INDEX($AM$5:$AM$705,R37+J37+1)-INDEX($AM$5:$AM$705,R37+1)))} -> 6660000 | AA37: {=IF(K37=0,0,Hitung!$D$8*IF(Hitung!$C$8="Conquest",INDEX($AL$5:$AL$705,S37+K37+1)-INDEX($AL$5:$AL$705,S37+1),INDEX($AM$5:$AM$705,S37+K37+1)-INDEX($AM$5:$AM$705,S37+1)))} -> 0 | AB37: {=IF(L37=0,0,Hitung!$D$9*IF(Hitung!$C$9="Conquest",INDEX($AL$5:$AL$705,T37+L37+1)-INDEX($AL$5:$AL$705,T37+1),INDEX($AM$5:$AM$705,T37+L37+1)-INDEX($AM$5:$AM$705,T37+1)))} -> 0 | AC37: {=IF(M37=0,0,Hitung!$D$10*IF(Hitung!$C$10="Conquest",INDEX($AL$5:$AL$705,U37+M37+1)-INDEX($AL$5:$AL$705,U37+1),INDEX($AM$5:$AM$705,U37+M37+1)-INDEX($AM$5:$AM$705,U37+1)))} -> 28800000 | AD37: {=IF(N37=0,0,Hitung!$D$11*IF(Hitung!$C$11="Conquest",INDEX($AL$5:$AL$705,V37+N37+1)-INDEX($AL$5:$AL$705,V37+1),INDEX($AM$5:$AM$705,V37+N37+1)-INDEX($AM$5:$AM$705,V37+1)))} -> 0 | AE37: {=IF(O37=0,0,Hitung!$D$12*IF(Hitung!$C$12="Conquest",INDEX($AL$5:$AL$705,W37+O37+1)-INDEX($AL$5:$AL$705,W37+1),INDEX($AM$5:$AM$705,W37+O37+1)-INDEX($AM$5:$AM$705,W37+1)))} -> 0 | AF37: =SUM(X37:AE37) -> 67800000 | AG37: =IF(E37=1,AF37-Hitung!$AO$13,0) -> 2100000 | AH37: =IF(E37=1,Hitung!E6-Hitung!B19,0) -> 505 | AI37: =IF(AND(E37=1,AG37>0,AH37>0),AG37/AH37,0) -> 4158.4158 | AK37: 32 | AL37: =AL36+SUMIFS(Setting!$E$30:$E$39,Setting!$A$30:$A$39,AL$4,Setting!$C$30:$C$39,"<="&($AK37-1),Setting!$D$30:$D$39,">="&($AK37-1)) -> 32 | AM37: =AM36+SUMIFS(Setting!$E$30:$E$39,Setting!$A$30:$A$39,AM$4,Setting!$C$30:$C$39,"<="&($AK37-1),Setting!$D$30:$D$39,">="&($AK37-1)) -> 32
A38: 3 | B38: 3 | C38: =Hitung!A19 -> Crosley | D38: =Hitung!B7 -> S1 | E38: =IF(AND(C38<>"",D38<>"",Hitung!B19>0,Hitung!E7>Hitung!B19,G38<>B38,F38>0),1,0) -> 1 | F38: =Hitung!D19 -> 21 | G38: =Hitung!X19 -> 1 | H38: =Hitung!$M$5-IF($G38=1,$F38,0)+IF($B38=1,$F38,0) -> 84 | I38: =Hitung!$M$6-IF($G38=2,$F38,0)+IF($B38=2,$F38,0) -> 0 | J38: =Hitung!$M$7-IF($G38=3,$F38,0)+IF($B38=3,$F38,0) -> 63 | K38: =Hitung!$M$8-IF($G38=4,$F38,0)+IF($B38=4,$F38,0) -> 0 | L38: =Hitung!$M$9-IF($G38=5,$F38,0)+IF($B38=5,$F38,0) -> 0 | M38: =Hitung!$M$10-IF($G38=6,$F38,0)+IF($B38=6,$F38,0) -> 61 | N38: =Hitung!$M$11-IF($G38=7,$F38,0)+IF($B38=7,$F38,0) -> 0 | O38: =Hitung!$M$12-IF($G38=8,$F38,0)+IF($B38=8,$F38,0) -> 0 | P38: =SUMPRODUCT($B$5:$I$5,$H38:$O38) -> 0 | Q38: =SUMPRODUCT($B$6:$I$6,$H38:$O38) -> 0 | R38: =SUMPRODUCT($B$7:$I$7,$H38:$O38) -> 61 | S38: =SUMPRODUCT($B$8:$I$8,$H38:$O38) -> 61 | T38: =SUMPRODUCT($B$9:$I$9,$H38:$O38) -> 61 | U38: =SUMPRODUCT($B$10:$I$10,$H38:$O38) -> 0 | V38: =SUMPRODUCT($B$11:$I$11,$H38:$O38) -> 0 | W38: =SUMPRODUCT($B$12:$I$12,$H38:$O38) -> 0 | X38: {=IF(H38=0,0,Hitung!$D$5*IF(Hitung!$C$5="Conquest",INDEX($AL$5:$AL$705,P38+H38+1)-INDEX($AL$5:$AL$705,P38+1),INDEX($AM$5:$AM$705,P38+H38+1)-INDEX($AM$5:$AM$705,P38+1)))} -> 25200000 | Y38: {=IF(I38=0,0,Hitung!$D$6*IF(Hitung!$C$6="Conquest",INDEX($AL$5:$AL$705,Q38+I38+1)-INDEX($AL$5:$AL$705,Q38+1),INDEX($AM$5:$AM$705,Q38+I38+1)-INDEX($AM$5:$AM$705,Q38+1)))} -> 0 | Z38: {=IF(J38=0,0,Hitung!$D$7*IF(Hitung!$C$7="Conquest",INDEX($AL$5:$AL$705,R38+J38+1)-INDEX($AL$5:$AL$705,R38+1),INDEX($AM$5:$AM$705,R38+J38+1)-INDEX($AM$5:$AM$705,R38+1)))} -> 7920000 | AA38: {=IF(K38=0,0,Hitung!$D$8*IF(Hitung!$C$8="Conquest",INDEX($AL$5:$AL$705,S38+K38+1)-INDEX($AL$5:$AL$705,S38+1),INDEX($AM$5:$AM$705,S38+K38+1)-INDEX($AM$5:$AM$705,S38+1)))} -> 0 | AB38: {=IF(L38=0,0,Hitung!$D$9*IF(Hitung!$C$9="Conquest",INDEX($AL$5:$AL$705,T38+L38+1)-INDEX($AL$5:$AL$705,T38+1),INDEX($AM$5:$AM$705,T38+L38+1)-INDEX($AM$5:$AM$705,T38+1)))} -> 0 | AC38: {=IF(M38=0,0,Hitung!$D$10*IF(Hitung!$C$10="Conquest",INDEX($AL$5:$AL$705,U38+M38+1)-INDEX($AL$5:$AL$705,U38+1),INDEX($AM$5:$AM$705,U38+M38+1)-INDEX($AM$5:$AM$705,U38+1)))} -> 28800000 | AD38: {=IF(N38=0,0,Hitung!$D$11*IF(Hitung!$C$11="Conquest",INDEX($AL$5:$AL$705,V38+N38+1)-INDEX($AL$5:$AL$705,V38+1),INDEX($AM$5:$AM$705,V38+N38+1)-INDEX($AM$5:$AM$705,V38+1)))} -> 0 | AE38: {=IF(O38=0,0,Hitung!$D$12*IF(Hitung!$C$12="Conquest",INDEX($AL$5:$AL$705,W38+O38+1)-INDEX($AL$5:$AL$705,W38+1),INDEX($AM$5:$AM$705,W38+O38+1)-INDEX($AM$5:$AM$705,W38+1)))} -> 0 | AF38: =SUM(X38:AE38) -> 61920000 | AG38: =IF(E38=1,AF38-Hitung!$AO$13,0) -> -3780000 | AH38: =IF(E38=1,Hitung!E7-Hitung!B19,0) -> 5 | AI38: =IF(AND(E38=1,AG38>0,AH38>0),AG38/AH38,0) -> 0 | AK38: 33 | AL38: =AL37+SUMIFS(Setting!$E$30:$E$39,Setting!$A$30:$A$39,AL$4,Setting!$C$30:$C$39,"<="&($AK38-1),Setting!$D$30:$D$39,">="&($AK38-1)) -> 33 | AM38: =AM37+SUMIFS(Setting!$E$30:$E$39,Setting!$A$30:$A$39,AM$4,Setting!$C$30:$C$39,"<="&($AK38-1),Setting!$D$30:$D$39,">="&($AK38-1)) -> 33
A39: 3 | B39: 4 | C39: =Hitung!A19 -> Crosley | D39: =Hitung!B8 -> S2 | E39: =IF(AND(C39<>"",D39<>"",Hitung!B19>0,Hitung!E8>Hitung!B19,G39<>B39,F39>0),1,0) -> 1 | F39: =Hitung!D19 -> 21 | G39: =Hitung!X19 -> 1 | H39: =Hitung!$M$5-IF($G39=1,$F39,0)+IF($B39=1,$F39,0) -> 84 | I39: =Hitung!$M$6-IF($G39=2,$F39,0)+IF($B39=2,$F39,0) -> 0 | J39: =Hitung!$M$7-IF($G39=3,$F39,0)+IF($B39=3,$F39,0) -> 42 | K39: =Hitung!$M$8-IF($G39=4,$F39,0)+IF($B39=4,$F39,0) -> 21 | L39: =Hitung!$M$9-IF($G39=5,$F39,0)+IF($B39=5,$F39,0) -> 0 | M39: =Hitung!$M$10-IF($G39=6,$F39,0)+IF($B39=6,$F39,0) -> 61 | N39: =Hitung!$M$11-IF($G39=7,$F39,0)+IF($B39=7,$F39,0) -> 0 | O39: =Hitung!$M$12-IF($G39=8,$F39,0)+IF($B39=8,$F39,0) -> 0 | P39: =SUMPRODUCT($B$5:$I$5,$H39:$O39) -> 0 | Q39: =SUMPRODUCT($B$6:$I$6,$H39:$O39) -> 0 | R39: =SUMPRODUCT($B$7:$I$7,$H39:$O39) -> 82 | S39: =SUMPRODUCT($B$8:$I$8,$H39:$O39) -> 61 | T39: =SUMPRODUCT($B$9:$I$9,$H39:$O39) -> 61 | U39: =SUMPRODUCT($B$10:$I$10,$H39:$O39) -> 0 | V39: =SUMPRODUCT($B$11:$I$11,$H39:$O39) -> 0 | W39: =SUMPRODUCT($B$12:$I$12,$H39:$O39) -> 0 | X39: {=IF(H39=0,0,Hitung!$D$5*IF(Hitung!$C$5="Conquest",INDEX($AL$5:$AL$705,P39+H39+1)-INDEX($AL$5:$AL$705,P39+1),INDEX($AM$5:$AM$705,P39+H39+1)-INDEX($AM$5:$AM$705,P39+1)))} -> 25200000 | Y39: {=IF(I39=0,0,Hitung!$D$6*IF(Hitung!$C$6="Conquest",INDEX($AL$5:$AL$705,Q39+I39+1)-INDEX($AL$5:$AL$705,Q39+1),INDEX($AM$5:$AM$705,Q39+I39+1)-INDEX($AM$5:$AM$705,Q39+1)))} -> 0 | Z39: {=IF(J39=0,0,Hitung!$D$7*IF(Hitung!$C$7="Conquest",INDEX($AL$5:$AL$705,R39+J39+1)-INDEX($AL$5:$AL$705,R39+1),INDEX($AM$5:$AM$705,R39+J39+1)-INDEX($AM$5:$AM$705,R39+1)))} -> 3600000 | AA39: {=IF(K39=0,0,Hitung!$D$8*IF(Hitung!$C$8="Conquest",INDEX($AL$5:$AL$705,S39+K39+1)-INDEX($AL$5:$AL$705,S39+1),INDEX($AM$5:$AM$705,S39+K39+1)-INDEX($AM$5:$AM$705,S39+1)))} -> 5184000 | AB39: {=IF(L39=0,0,Hitung!$D$9*IF(Hitung!$C$9="Conquest",INDEX($AL$5:$AL$705,T39+L39+1)-INDEX($AL$5:$AL$705,T39+1),INDEX($AM$5:$AM$705,T39+L39+1)-INDEX($AM$5:$AM$705,T39+1)))} -> 0 | AC39: {=IF(M39=0,0,Hitung!$D$10*IF(Hitung!$C$10="Conquest",INDEX($AL$5:$AL$705,U39+M39+1)-INDEX($AL$5:$AL$705,U39+1),INDEX($AM$5:$AM$705,U39+M39+1)-INDEX($AM$5:$AM$705,U39+1)))} -> 28800000 | AD39: {=IF(N39=0,0,Hitung!$D$11*IF(Hitung!$C$11="Conquest",INDEX($AL$5:$AL$705,V39+N39+1)-INDEX($AL$5:$AL$705,V39+1),INDEX($AM$5:$AM$705,V39+N39+1)-INDEX($AM$5:$AM$705,V39+1)))} -> 0 | AE39: {=IF(O39=0,0,Hitung!$D$12*IF(Hitung!$C$12="Conquest",INDEX($AL$5:$AL$705,W39+O39+1)-INDEX($AL$5:$AL$705,W39+1),INDEX($AM$5:$AM$705,W39+O39+1)-INDEX($AM$5:$AM$705,W39+1)))} -> 0 | AF39: =SUM(X39:AE39) -> 62784000 | AG39: =IF(E39=1,AF39-Hitung!$AO$13,0) -> -2916000 | AH39: =IF(E39=1,Hitung!E8-Hitung!B19,0) -> 305 | AI39: =IF(AND(E39=1,AG39>0,AH39>0),AG39/AH39,0) -> 0 | AK39: 34 | AL39: =AL38+SUMIFS(Setting!$E$30:$E$39,Setting!$A$30:$A$39,AL$4,Setting!$C$30:$C$39,"<="&($AK39-1),Setting!$D$30:$D$39,">="&($AK39-1)) -> 34 | AM39: =AM38+SUMIFS(Setting!$E$30:$E$39,Setting!$A$30:$A$39,AM$4,Setting!$C$30:$C$39,"<="&($AK39-1),Setting!$D$30:$D$39,">="&($AK39-1)) -> 34
A40: 3 | B40: 5 | C40: =Hitung!A19 -> Crosley | D40: =Hitung!B9 -> S3 | E40: =IF(AND(C40<>"",D40<>"",Hitung!B19>0,Hitung!E9>Hitung!B19,G40<>B40,F40>0),1,0) -> 1 | F40: =Hitung!D19 -> 21 | G40: =Hitung!X19 -> 1 | H40: =Hitung!$M$5-IF($G40=1,$F40,0)+IF($B40=1,$F40,0) -> 84 | I40: =Hitung!$M$6-IF($G40=2,$F40,0)+IF($B40=2,$F40,0) -> 0 | J40: =Hitung!$M$7-IF($G40=3,$F40,0)+IF($B40=3,$F40,0) -> 42 | K40: =Hitung!$M$8-IF($G40=4,$F40,0)+IF($B40=4,$F40,0) -> 0 | L40: =Hitung!$M$9-IF($G40=5,$F40,0)+IF($B40=5,$F40,0) -> 21 | M40: =Hitung!$M$10-IF($G40=6,$F40,0)+IF($B40=6,$F40,0) -> 61 | N40: =Hitung!$M$11-IF($G40=7,$F40,0)+IF($B40=7,$F40,0) -> 0 | O40: =Hitung!$M$12-IF($G40=8,$F40,0)+IF($B40=8,$F40,0) -> 0 | P40: =SUMPRODUCT($B$5:$I$5,$H40:$O40) -> 0 | Q40: =SUMPRODUCT($B$6:$I$6,$H40:$O40) -> 0 | R40: =SUMPRODUCT($B$7:$I$7,$H40:$O40) -> 82 | S40: =SUMPRODUCT($B$8:$I$8,$H40:$O40) -> 82 | T40: =SUMPRODUCT($B$9:$I$9,$H40:$O40) -> 61 | U40: =SUMPRODUCT($B$10:$I$10,$H40:$O40) -> 0 | V40: =SUMPRODUCT($B$11:$I$11,$H40:$O40) -> 0 | W40: =SUMPRODUCT($B$12:$I$12,$H40:$O40) -> 0 | X40: {=IF(H40=0,0,Hitung!$D$5*IF(Hitung!$C$5="Conquest",INDEX($AL$5:$AL$705,P40+H40+1)-INDEX($AL$5:$AL$705,P40+1),INDEX($AM$5:$AM$705,P40+H40+1)-INDEX($AM$5:$AM$705,P40+1)))} -> 25200000 | Y40: {=IF(I40=0,0,Hitung!$D$6*IF(Hitung!$C$6="Conquest",INDEX($AL$5:$AL$705,Q40+I40+1)-INDEX($AL$5:$AL$705,Q40+1),INDEX($AM$5:$AM$705,Q40+I40+1)-INDEX($AM$5:$AM$705,Q40+1)))} -> 0 | Z40: {=IF(J40=0,0,Hitung!$D$7*IF(Hitung!$C$7="Conquest",INDEX($AL$5:$AL$705,R40+J40+1)-INDEX($AL$5:$AL$705,R40+1),INDEX($AM$5:$AM$705,R40+J40+1)-INDEX($AM$5:$AM$705,R40+1)))} -> 3600000 | AA40: {=IF(K40=0,0,Hitung!$D$8*IF(Hitung!$C$8="Conquest",INDEX($AL$5:$AL$705,S40+K40+1)-INDEX($AL$5:$AL$705,S40+1),INDEX($AM$5:$AM$705,S40+K40+1)-INDEX($AM$5:$AM$705,S40+1)))} -> 0 | AB40: {=IF(L40=0,0,Hitung!$D$9*IF(Hitung!$C$9="Conquest",INDEX($AL$5:$AL$705,T40+L40+1)-INDEX($AL$5:$AL$705,T40+1),INDEX($AM$5:$AM$705,T40+L40+1)-INDEX($AM$5:$AM$705,T40+1)))} -> 6048000 | AC40: {=IF(M40=0,0,Hitung!$D$10*IF(Hitung!$C$10="Conquest",INDEX($AL$5:$AL$705,U40+M40+1)-INDEX($AL$5:$AL$705,U40+1),INDEX($AM$5:$AM$705,U40+M40+1)-INDEX($AM$5:$AM$705,U40+1)))} -> 28800000 | AD40: {=IF(N40=0,0,Hitung!$D$11*IF(Hitung!$C$11="Conquest",INDEX($AL$5:$AL$705,V40+N40+1)-INDEX($AL$5:$AL$705,V40+1),INDEX($AM$5:$AM$705,V40+N40+1)-INDEX($AM$5:$AM$705,V40+1)))} -> 0 | AE40: {=IF(O40=0,0,Hitung!$D$12*IF(Hitung!$C$12="Conquest",INDEX($AL$5:$AL$705,W40+O40+1)-INDEX($AL$5:$AL$705,W40+1),INDEX($AM$5:$AM$705,W40+O40+1)-INDEX($AM$5:$AM$705,W40+1)))} -> 0 | AF40: =SUM(X40:AE40) -> 63648000 | AG40: =IF(E40=1,AF40-Hitung!$AO$13,0) -> -2052000 | AH40: =IF(E40=1,Hitung!E9-Hitung!B19,0) -> 605 | AI40: =IF(AND(E40=1,AG40>0,AH40>0),AG40/AH40,0) -> 0 | AK40: 35 | AL40: =AL39+SUMIFS(Setting!$E$30:$E$39,Setting!$A$30:$A$39,AL$4,Setting!$C$30:$C$39,"<="&($AK40-1),Setting!$D$30:$D$39,">="&($AK40-1)) -> 35 | AM40: =AM39+SUMIFS(Setting!$E$30:$E$39,Setting!$A$30:$A$39,AM$4,Setting!$C$30:$C$39,"<="&($AK40-1),Setting!$D$30:$D$39,">="&($AK40-1)) -> 35
A41: 3 | B41: 6 | C41: =Hitung!A19 -> Crosley | D41: =Hitung!B10 -> S4 | E41: =IF(AND(C41<>"",D41<>"",Hitung!B19>0,Hitung!E10>Hitung!B19,G41<>B41,F41>0),1,0) -> 1 | F41: =Hitung!D19 -> 21 | G41: =Hitung!X19 -> 1 | H41: =Hitung!$M$5-IF($G41=1,$F41,0)+IF($B41=1,$F41,0) -> 84 | I41: =Hitung!$M$6-IF($G41=2,$F41,0)+IF($B41=2,$F41,0) -> 0 | J41: =Hitung!$M$7-IF($G41=3,$F41,0)+IF($B41=3,$F41,0) -> 42 | K41: =Hitung!$M$8-IF($G41=4,$F41,0)+IF($B41=4,$F41,0) -> 0 | L41: =Hitung!$M$9-IF($G41=5,$F41,0)+IF($B41=5,$F41,0) -> 0 | M41: =Hitung!$M$10-IF($G41=6,$F41,0)+IF($B41=6,$F41,0) -> 82 | N41: =Hitung!$M$11-IF($G41=7,$F41,0)+IF($B41=7,$F41,0) -> 0 | O41: =Hitung!$M$12-IF($G41=8,$F41,0)+IF($B41=8,$F41,0) -> 0 | P41: =SUMPRODUCT($B$5:$I$5,$H41:$O41) -> 0 | Q41: =SUMPRODUCT($B$6:$I$6,$H41:$O41) -> 0 | R41: =SUMPRODUCT($B$7:$I$7,$H41:$O41) -> 82 | S41: =SUMPRODUCT($B$8:$I$8,$H41:$O41) -> 82 | T41: =SUMPRODUCT($B$9:$I$9,$H41:$O41) -> 82 | U41: =SUMPRODUCT($B$10:$I$10,$H41:$O41) -> 0 | V41: =SUMPRODUCT($B$11:$I$11,$H41:$O41) -> 0 | W41: =SUMPRODUCT($B$12:$I$12,$H41:$O41) -> 0 | X41: {=IF(H41=0,0,Hitung!$D$5*IF(Hitung!$C$5="Conquest",INDEX($AL$5:$AL$705,P41+H41+1)-INDEX($AL$5:$AL$705,P41+1),INDEX($AM$5:$AM$705,P41+H41+1)-INDEX($AM$5:$AM$705,P41+1)))} -> 25200000 | Y41: {=IF(I41=0,0,Hitung!$D$6*IF(Hitung!$C$6="Conquest",INDEX($AL$5:$AL$705,Q41+I41+1)-INDEX($AL$5:$AL$705,Q41+1),INDEX($AM$5:$AM$705,Q41+I41+1)-INDEX($AM$5:$AM$705,Q41+1)))} -> 0 | Z41: {=IF(J41=0,0,Hitung!$D$7*IF(Hitung!$C$7="Conquest",INDEX($AL$5:$AL$705,R41+J41+1)-INDEX($AL$5:$AL$705,R41+1),INDEX($AM$5:$AM$705,R41+J41+1)-INDEX($AM$5:$AM$705,R41+1)))} -> 3600000 | AA41: {=IF(K41=0,0,Hitung!$D$8*IF(Hitung!$C$8="Conquest",INDEX($AL$5:$AL$705,S41+K41+1)-INDEX($AL$5:$AL$705,S41+1),INDEX($AM$5:$AM$705,S41+K41+1)-INDEX($AM$5:$AM$705,S41+1)))} -> 0 | AB41: {=IF(L41=0,0,Hitung!$D$9*IF(Hitung!$C$9="Conquest",INDEX($AL$5:$AL$705,T41+L41+1)-INDEX($AL$5:$AL$705,T41+1),INDEX($AM$5:$AM$705,T41+L41+1)-INDEX($AM$5:$AM$705,T41+1)))} -> 0 | AC41: {=IF(M41=0,0,Hitung!$D$10*IF(Hitung!$C$10="Conquest",INDEX($AL$5:$AL$705,U41+M41+1)-INDEX($AL$5:$AL$705,U41+1),INDEX($AM$5:$AM$705,U41+M41+1)-INDEX($AM$5:$AM$705,U41+1)))} -> 35712000 | AD41: {=IF(N41=0,0,Hitung!$D$11*IF(Hitung!$C$11="Conquest",INDEX($AL$5:$AL$705,V41+N41+1)-INDEX($AL$5:$AL$705,V41+1),INDEX($AM$5:$AM$705,V41+N41+1)-INDEX($AM$5:$AM$705,V41+1)))} -> 0 | AE41: {=IF(O41=0,0,Hitung!$D$12*IF(Hitung!$C$12="Conquest",INDEX($AL$5:$AL$705,W41+O41+1)-INDEX($AL$5:$AL$705,W41+1),INDEX($AM$5:$AM$705,W41+O41+1)-INDEX($AM$5:$AM$705,W41+1)))} -> 0 | AF41: =SUM(X41:AE41) -> 64512000 | AG41: =IF(E41=1,AF41-Hitung!$AO$13,0) -> -1188000 | AH41: =IF(E41=1,Hitung!E10-Hitung!B19,0) -> 905 | AI41: =IF(AND(E41=1,AG41>0,AH41>0),AG41/AH41,0) -> 0 | AK41: 36 | AL41: =AL40+SUMIFS(Setting!$E$30:$E$39,Setting!$A$30:$A$39,AL$4,Setting!$C$30:$C$39,"<="&($AK41-1),Setting!$D$30:$D$39,">="&($AK41-1)) -> 36 | AM41: =AM40+SUMIFS(Setting!$E$30:$E$39,Setting!$A$30:$A$39,AM$4,Setting!$C$30:$C$39,"<="&($AK41-1),Setting!$D$30:$D$39,">="&($AK41-1)) -> 36
A42: 3 | B42: 7 | C42: =Hitung!A19 -> Crosley | D42: =Hitung!B11 | E42: =IF(AND(C42<>"",D42<>"",Hitung!B19>0,Hitung!E11>Hitung!B19,G42<>B42,F42>0),1,0) -> 0 | F42: =Hitung!D19 -> 21 | G42: =Hitung!X19 -> 1 | H42: =Hitung!$M$5-IF($G42=1,$F42,0)+IF($B42=1,$F42,0) -> 84 | I42: =Hitung!$M$6-IF($G42=2,$F42,0)+IF($B42=2,$F42,0) -> 0 | J42: =Hitung!$M$7-IF($G42=3,$F42,0)+IF($B42=3,$F42,0) -> 42 | K42: =Hitung!$M$8-IF($G42=4,$F42,0)+IF($B42=4,$F42,0) -> 0 | L42: =Hitung!$M$9-IF($G42=5,$F42,0)+IF($B42=5,$F42,0) -> 0 | M42: =Hitung!$M$10-IF($G42=6,$F42,0)+IF($B42=6,$F42,0) -> 61 | N42: =Hitung!$M$11-IF($G42=7,$F42,0)+IF($B42=7,$F42,0) -> 21 | O42: =Hitung!$M$12-IF($G42=8,$F42,0)+IF($B42=8,$F42,0) -> 0 | P42: =SUMPRODUCT($B$5:$I$5,$H42:$O42) -> 0 | Q42: =SUMPRODUCT($B$6:$I$6,$H42:$O42) -> 0 | R42: =SUMPRODUCT($B$7:$I$7,$H42:$O42) -> 61 | S42: =SUMPRODUCT($B$8:$I$8,$H42:$O42) -> 61 | T42: =SUMPRODUCT($B$9:$I$9,$H42:$O42) -> 61 | U42: =SUMPRODUCT($B$10:$I$10,$H42:$O42) -> 0 | V42: =SUMPRODUCT($B$11:$I$11,$H42:$O42) -> 0 | W42: =SUMPRODUCT($B$12:$I$12,$H42:$O42) -> 0 | X42: {=IF(H42=0,0,Hitung!$D$5*IF(Hitung!$C$5="Conquest",INDEX($AL$5:$AL$705,P42+H42+1)-INDEX($AL$5:$AL$705,P42+1),INDEX($AM$5:$AM$705,P42+H42+1)-INDEX($AM$5:$AM$705,P42+1)))} -> 25200000 | Y42: {=IF(I42=0,0,Hitung!$D$6*IF(Hitung!$C$6="Conquest",INDEX($AL$5:$AL$705,Q42+I42+1)-INDEX($AL$5:$AL$705,Q42+1),INDEX($AM$5:$AM$705,Q42+I42+1)-INDEX($AM$5:$AM$705,Q42+1)))} -> 0 | Z42: {=IF(J42=0,0,Hitung!$D$7*IF(Hitung!$C$7="Conquest",INDEX($AL$5:$AL$705,R42+J42+1)-INDEX($AL$5:$AL$705,R42+1),INDEX($AM$5:$AM$705,R42+J42+1)-INDEX($AM$5:$AM$705,R42+1)))} -> 6660000 | AA42: {=IF(K42=0,0,Hitung!$D$8*IF(Hitung!$C$8="Conquest",INDEX($AL$5:$AL$705,S42+K42+1)-INDEX($AL$5:$AL$705,S42+1),INDEX($AM$5:$AM$705,S42+K42+1)-INDEX($AM$5:$AM$705,S42+1)))} -> 0 | AB42: {=IF(L42=0,0,Hitung!$D$9*IF(Hitung!$C$9="Conquest",INDEX($AL$5:$AL$705,T42+L42+1)-INDEX($AL$5:$AL$705,T42+1),INDEX($AM$5:$AM$705,T42+L42+1)-INDEX($AM$5:$AM$705,T42+1)))} -> 0 | AC42: {=IF(M42=0,0,Hitung!$D$10*IF(Hitung!$C$10="Conquest",INDEX($AL$5:$AL$705,U42+M42+1)-INDEX($AL$5:$AL$705,U42+1),INDEX($AM$5:$AM$705,U42+M42+1)-INDEX($AM$5:$AM$705,U42+1)))} -> 28800000 | AD42: {=IF(N42=0,0,Hitung!$D$11*IF(Hitung!$C$11="Conquest",INDEX($AL$5:$AL$705,V42+N42+1)-INDEX($AL$5:$AL$705,V42+1),INDEX($AM$5:$AM$705,V42+N42+1)-INDEX($AM$5:$AM$705,V42+1)))} -> 0 | AE42: {=IF(O42=0,0,Hitung!$D$12*IF(Hitung!$C$12="Conquest",INDEX($AL$5:$AL$705,W42+O42+1)-INDEX($AL$5:$AL$705,W42+1),INDEX($AM$5:$AM$705,W42+O42+1)-INDEX($AM$5:$AM$705,W42+1)))} -> 0 | AF42: =SUM(X42:AE42) -> 60660000 | AG42: =IF(E42=1,AF42-Hitung!$AO$13,0) -> 0 | AH42: =IF(E42=1,Hitung!E11-Hitung!B19,0) -> 0 | AI42: =IF(AND(E42=1,AG42>0,AH42>0),AG42/AH42,0) -> 0 | AK42: 37 | AL42: =AL41+SUMIFS(Setting!$E$30:$E$39,Setting!$A$30:$A$39,AL$4,Setting!$C$30:$C$39,"<="&($AK42-1),Setting!$D$30:$D$39,">="&($AK42-1)) -> 37 | AM42: =AM41+SUMIFS(Setting!$E$30:$E$39,Setting!$A$30:$A$39,AM$4,Setting!$C$30:$C$39,"<="&($AK42-1),Setting!$D$30:$D$39,">="&($AK42-1)) -> 37
A43: 3 | B43: 8 | C43: =Hitung!A19 -> Crosley | D43: =Hitung!B12 | E43: =IF(AND(C43<>"",D43<>"",Hitung!B19>0,Hitung!E12>Hitung!B19,G43<>B43,F43>0),1,0) -> 0 | F43: =Hitung!D19 -> 21 | G43: =Hitung!X19 -> 1 | H43: =Hitung!$M$5-IF($G43=1,$F43,0)+IF($B43=1,$F43,0) -> 84 | I43: =Hitung!$M$6-IF($G43=2,$F43,0)+IF($B43=2,$F43,0) -> 0 | J43: =Hitung!$M$7-IF($G43=3,$F43,0)+IF($B43=3,$F43,0) -> 42 | K43: =Hitung!$M$8-IF($G43=4,$F43,0)+IF($B43=4,$F43,0) -> 0 | L43: =Hitung!$M$9-IF($G43=5,$F43,0)+IF($B43=5,$F43,0) -> 0 | M43: =Hitung!$M$10-IF($G43=6,$F43,0)+IF($B43=6,$F43,0) -> 61 | N43: =Hitung!$M$11-IF($G43=7,$F43,0)+IF($B43=7,$F43,0) -> 0 | O43: =Hitung!$M$12-IF($G43=8,$F43,0)+IF($B43=8,$F43,0) -> 21 | P43: =SUMPRODUCT($B$5:$I$5,$H43:$O43) -> 0 | Q43: =SUMPRODUCT($B$6:$I$6,$H43:$O43) -> 0 | R43: =SUMPRODUCT($B$7:$I$7,$H43:$O43) -> 61 | S43: =SUMPRODUCT($B$8:$I$8,$H43:$O43) -> 61 | T43: =SUMPRODUCT($B$9:$I$9,$H43:$O43) -> 61 | U43: =SUMPRODUCT($B$10:$I$10,$H43:$O43) -> 0 | V43: =SUMPRODUCT($B$11:$I$11,$H43:$O43) -> 0 | W43: =SUMPRODUCT($B$12:$I$12,$H43:$O43) -> 0 | X43: {=IF(H43=0,0,Hitung!$D$5*IF(Hitung!$C$5="Conquest",INDEX($AL$5:$AL$705,P43+H43+1)-INDEX($AL$5:$AL$705,P43+1),INDEX($AM$5:$AM$705,P43+H43+1)-INDEX($AM$5:$AM$705,P43+1)))} -> 25200000 | Y43: {=IF(I43=0,0,Hitung!$D$6*IF(Hitung!$C$6="Conquest",INDEX($AL$5:$AL$705,Q43+I43+1)-INDEX($AL$5:$AL$705,Q43+1),INDEX($AM$5:$AM$705,Q43+I43+1)-INDEX($AM$5:$AM$705,Q43+1)))} -> 0 | Z43: {=IF(J43=0,0,Hitung!$D$7*IF(Hitung!$C$7="Conquest",INDEX($AL$5:$AL$705,R43+J43+1)-INDEX($AL$5:$AL$705,R43+1),INDEX($AM$5:$AM$705,R43+J43+1)-INDEX($AM$5:$AM$705,R43+1)))} -> 6660000 | AA43: {=IF(K43=0,0,Hitung!$D$8*IF(Hitung!$C$8="Conquest",INDEX($AL$5:$AL$705,S43+K43+1)-INDEX($AL$5:$AL$705,S43+1),INDEX($AM$5:$AM$705,S43+K43+1)-INDEX($AM$5:$AM$705,S43+1)))} -> 0 | AB43: {=IF(L43=0,0,Hitung!$D$9*IF(Hitung!$C$9="Conquest",INDEX($AL$5:$AL$705,T43+L43+1)-INDEX($AL$5:$AL$705,T43+1),INDEX($AM$5:$AM$705,T43+L43+1)-INDEX($AM$5:$AM$705,T43+1)))} -> 0 | AC43: {=IF(M43=0,0,Hitung!$D$10*IF(Hitung!$C$10="Conquest",INDEX($AL$5:$AL$705,U43+M43+1)-INDEX($AL$5:$AL$705,U43+1),INDEX($AM$5:$AM$705,U43+M43+1)-INDEX($AM$5:$AM$705,U43+1)))} -> 28800000 | AD43: {=IF(N43=0,0,Hitung!$D$11*IF(Hitung!$C$11="Conquest",INDEX($AL$5:$AL$705,V43+N43+1)-INDEX($AL$5:$AL$705,V43+1),INDEX($AM$5:$AM$705,V43+N43+1)-INDEX($AM$5:$AM$705,V43+1)))} -> 0 | AE43: {=IF(O43=0,0,Hitung!$D$12*IF(Hitung!$C$12="Conquest",INDEX($AL$5:$AL$705,W43+O43+1)-INDEX($AL$5:$AL$705,W43+1),INDEX($AM$5:$AM$705,W43+O43+1)-INDEX($AM$5:$AM$705,W43+1)))} -> 0 | AF43: =SUM(X43:AE43) -> 60660000 | AG43: =IF(E43=1,AF43-Hitung!$AO$13,0) -> 0 | AH43: =IF(E43=1,Hitung!E12-Hitung!B19,0) -> 0 | AI43: =IF(AND(E43=1,AG43>0,AH43>0),AG43/AH43,0) -> 0 | AK43: 38 | AL43: =AL42+SUMIFS(Setting!$E$30:$E$39,Setting!$A$30:$A$39,AL$4,Setting!$C$30:$C$39,"<="&($AK43-1),Setting!$D$30:$D$39,">="&($AK43-1)) -> 38 | AM43: =AM42+SUMIFS(Setting!$E$30:$E$39,Setting!$A$30:$A$39,AM$4,Setting!$C$30:$C$39,"<="&($AK43-1),Setting!$D$30:$D$39,">="&($AK43-1)) -> 38
A44: 4 | B44: 1 | C44: =Hitung!A20 -> Nathanael | D44: =Hitung!B5 -> T2 | E44: =IF(AND(C44<>"",D44<>"",Hitung!B20>0,Hitung!E5>Hitung!B20,G44<>B44,F44>0),1,0) -> 0 | F44: =Hitung!D20 -> 21 | G44: =Hitung!X20 -> 1 | H44: =Hitung!$M$5-IF($G44=1,$F44,0)+IF($B44=1,$F44,0) -> 105 | I44: =Hitung!$M$6-IF($G44=2,$F44,0)+IF($B44=2,$F44,0) -> 0 | J44: =Hitung!$M$7-IF($G44=3,$F44,0)+IF($B44=3,$F44,0) -> 42 | K44: =Hitung!$M$8-IF($G44=4,$F44,0)+IF($B44=4,$F44,0) -> 0 | L44: =Hitung!$M$9-IF($G44=5,$F44,0)+IF($B44=5,$F44,0) -> 0 | M44: =Hitung!$M$10-IF($G44=6,$F44,0)+IF($B44=6,$F44,0) -> 61 | N44: =Hitung!$M$11-IF($G44=7,$F44,0)+IF($B44=7,$F44,0) -> 0 | O44: =Hitung!$M$12-IF($G44=8,$F44,0)+IF($B44=8,$F44,0) -> 0 | P44: =SUMPRODUCT($B$5:$I$5,$H44:$O44) -> 0 | Q44: =SUMPRODUCT($B$6:$I$6,$H44:$O44) -> 0 | R44: =SUMPRODUCT($B$7:$I$7,$H44:$O44) -> 61 | S44: =SUMPRODUCT($B$8:$I$8,$H44:$O44) -> 61 | T44: =SUMPRODUCT($B$9:$I$9,$H44:$O44) -> 61 | U44: =SUMPRODUCT($B$10:$I$10,$H44:$O44) -> 0 | V44: =SUMPRODUCT($B$11:$I$11,$H44:$O44) -> 0 | W44: =SUMPRODUCT($B$12:$I$12,$H44:$O44) -> 0 | X44: {=IF(H44=0,0,Hitung!$D$5*IF(Hitung!$C$5="Conquest",INDEX($AL$5:$AL$705,P44+H44+1)-INDEX($AL$5:$AL$705,P44+1),INDEX($AM$5:$AM$705,P44+H44+1)-INDEX($AM$5:$AM$705,P44+1)))} -> 30240000 | Y44: {=IF(I44=0,0,Hitung!$D$6*IF(Hitung!$C$6="Conquest",INDEX($AL$5:$AL$705,Q44+I44+1)-INDEX($AL$5:$AL$705,Q44+1),INDEX($AM$5:$AM$705,Q44+I44+1)-INDEX($AM$5:$AM$705,Q44+1)))} -> 0 | Z44: {=IF(J44=0,0,Hitung!$D$7*IF(Hitung!$C$7="Conquest",INDEX($AL$5:$AL$705,R44+J44+1)-INDEX($AL$5:$AL$705,R44+1),INDEX($AM$5:$AM$705,R44+J44+1)-INDEX($AM$5:$AM$705,R44+1)))} -> 6660000 | AA44: {=IF(K44=0,0,Hitung!$D$8*IF(Hitung!$C$8="Conquest",INDEX($AL$5:$AL$705,S44+K44+1)-INDEX($AL$5:$AL$705,S44+1),INDEX($AM$5:$AM$705,S44+K44+1)-INDEX($AM$5:$AM$705,S44+1)))} -> 0 | AB44: {=IF(L44=0,0,Hitung!$D$9*IF(Hitung!$C$9="Conquest",INDEX($AL$5:$AL$705,T44+L44+1)-INDEX($AL$5:$AL$705,T44+1),INDEX($AM$5:$AM$705,T44+L44+1)-INDEX($AM$5:$AM$705,T44+1)))} -> 0 | AC44: {=IF(M44=0,0,Hitung!$D$10*IF(Hitung!$C$10="Conquest",INDEX($AL$5:$AL$705,U44+M44+1)-INDEX($AL$5:$AL$705,U44+1),INDEX($AM$5:$AM$705,U44+M44+1)-INDEX($AM$5:$AM$705,U44+1)))} -> 28800000 | AD44: {=IF(N44=0,0,Hitung!$D$11*IF(Hitung!$C$11="Conquest",INDEX($AL$5:$AL$705,V44+N44+1)-INDEX($AL$5:$AL$705,V44+1),INDEX($AM$5:$AM$705,V44+N44+1)-INDEX($AM$5:$AM$705,V44+1)))} -> 0 | AE44: {=IF(O44=0,0,Hitung!$D$12*IF(Hitung!$C$12="Conquest",INDEX($AL$5:$AL$705,W44+O44+1)-INDEX($AL$5:$AL$705,W44+1),INDEX($AM$5:$AM$705,W44+O44+1)-INDEX($AM$5:$AM$705,W44+1)))} -> 0 | AF44: =SUM(X44:AE44) -> 65700000 | AG44: =IF(E44=1,AF44-Hitung!$AO$13,0) -> 0 | AH44: =IF(E44=1,Hitung!E5-Hitung!B20,0) -> 0 | AI44: =IF(AND(E44=1,AG44>0,AH44>0),AG44/AH44,0) -> 0 | AK44: 39 | AL44: =AL43+SUMIFS(Setting!$E$30:$E$39,Setting!$A$30:$A$39,AL$4,Setting!$C$30:$C$39,"<="&($AK44-1),Setting!$D$30:$D$39,">="&($AK44-1)) -> 39 | AM44: =AM43+SUMIFS(Setting!$E$30:$E$39,Setting!$A$30:$A$39,AM$4,Setting!$C$30:$C$39,"<="&($AK44-1),Setting!$D$30:$D$39,">="&($AK44-1)) -> 39
A45: 4 | B45: 2 | C45: =Hitung!A20 -> Nathanael | D45: =Hitung!B6 -> T3 | E45: =IF(AND(C45<>"",D45<>"",Hitung!B20>0,Hitung!E6>Hitung!B20,G45<>B45,F45>0),1,0) -> 1 | F45: =Hitung!D20 -> 21 | G45: =Hitung!X20 -> 1 | H45: =Hitung!$M$5-IF($G45=1,$F45,0)+IF($B45=1,$F45,0) -> 84 | I45: =Hitung!$M$6-IF($G45=2,$F45,0)+IF($B45=2,$F45,0) -> 21 | J45: =Hitung!$M$7-IF($G45=3,$F45,0)+IF($B45=3,$F45,0) -> 42 | K45: =Hitung!$M$8-IF($G45=4,$F45,0)+IF($B45=4,$F45,0) -> 0 | L45: =Hitung!$M$9-IF($G45=5,$F45,0)+IF($B45=5,$F45,0) -> 0 | M45: =Hitung!$M$10-IF($G45=6,$F45,0)+IF($B45=6,$F45,0) -> 61 | N45: =Hitung!$M$11-IF($G45=7,$F45,0)+IF($B45=7,$F45,0) -> 0 | O45: =Hitung!$M$12-IF($G45=8,$F45,0)+IF($B45=8,$F45,0) -> 0 | P45: =SUMPRODUCT($B$5:$I$5,$H45:$O45) -> 21 | Q45: =SUMPRODUCT($B$6:$I$6,$H45:$O45) -> 0 | R45: =SUMPRODUCT($B$7:$I$7,$H45:$O45) -> 61 | S45: =SUMPRODUCT($B$8:$I$8,$H45:$O45) -> 61 | T45: =SUMPRODUCT($B$9:$I$9,$H45:$O45) -> 61 | U45: =SUMPRODUCT($B$10:$I$10,$H45:$O45) -> 0 | V45: =SUMPRODUCT($B$11:$I$11,$H45:$O45) -> 0 | W45: =SUMPRODUCT($B$12:$I$12,$H45:$O45) -> 0 | X45: {=IF(H45=0,0,Hitung!$D$5*IF(Hitung!$C$5="Conquest",INDEX($AL$5:$AL$705,P45+H45+1)-INDEX($AL$5:$AL$705,P45+1),INDEX($AM$5:$AM$705,P45+H45+1)-INDEX($AM$5:$AM$705,P45+1)))} -> 23940000 | Y45: {=IF(I45=0,0,Hitung!$D$6*IF(Hitung!$C$6="Conquest",INDEX($AL$5:$AL$705,Q45+I45+1)-INDEX($AL$5:$AL$705,Q45+1),INDEX($AM$5:$AM$705,Q45+I45+1)-INDEX($AM$5:$AM$705,Q45+1)))} -> 8400000 | Z45: {=IF(J45=0,0,Hitung!$D$7*IF(Hitung!$C$7="Conquest",INDEX($AL$5:$AL$705,R45+J45+1)-INDEX($AL$5:$AL$705,R45+1),INDEX($AM$5:$AM$705,R45+J45+1)-INDEX($AM$5:$AM$705,R45+1)))} -> 6660000 | AA45: {=IF(K45=0,0,Hitung!$D$8*IF(Hitung!$C$8="Conquest",INDEX($AL$5:$AL$705,S45+K45+1)-INDEX($AL$5:$AL$705,S45+1),INDEX($AM$5:$AM$705,S45+K45+1)-INDEX($AM$5:$AM$705,S45+1)))} -> 0 | AB45: {=IF(L45=0,0,Hitung!$D$9*IF(Hitung!$C$9="Conquest",INDEX($AL$5:$AL$705,T45+L45+1)-INDEX($AL$5:$AL$705,T45+1),INDEX($AM$5:$AM$705,T45+L45+1)-INDEX($AM$5:$AM$705,T45+1)))} -> 0 | AC45: {=IF(M45=0,0,Hitung!$D$10*IF(Hitung!$C$10="Conquest",INDEX($AL$5:$AL$705,U45+M45+1)-INDEX($AL$5:$AL$705,U45+1),INDEX($AM$5:$AM$705,U45+M45+1)-INDEX($AM$5:$AM$705,U45+1)))} -> 28800000 | AD45: {=IF(N45=0,0,Hitung!$D$11*IF(Hitung!$C$11="Conquest",INDEX($AL$5:$AL$705,V45+N45+1)-INDEX($AL$5:$AL$705,V45+1),INDEX($AM$5:$AM$705,V45+N45+1)-INDEX($AM$5:$AM$705,V45+1)))} -> 0 | AE45: {=IF(O45=0,0,Hitung!$D$12*IF(Hitung!$C$12="Conquest",INDEX($AL$5:$AL$705,W45+O45+1)-INDEX($AL$5:$AL$705,W45+1),INDEX($AM$5:$AM$705,W45+O45+1)-INDEX($AM$5:$AM$705,W45+1)))} -> 0 | AF45: =SUM(X45:AE45) -> 67800000 | AG45: =IF(E45=1,AF45-Hitung!$AO$13,0) -> 2100000 | AH45: =IF(E45=1,Hitung!E6-Hitung!B20,0) -> 522 | AI45: =IF(AND(E45=1,AG45>0,AH45>0),AG45/AH45,0) -> 4022.9885 | AK45: 40 | AL45: =AL44+SUMIFS(Setting!$E$30:$E$39,Setting!$A$30:$A$39,AL$4,Setting!$C$30:$C$39,"<="&($AK45-1),Setting!$D$30:$D$39,">="&($AK45-1)) -> 40 | AM45: =AM44+SUMIFS(Setting!$E$30:$E$39,Setting!$A$30:$A$39,AM$4,Setting!$C$30:$C$39,"<="&($AK45-1),Setting!$D$30:$D$39,">="&($AK45-1)) -> 40
A46: 4 | B46: 3 | C46: =Hitung!A20 -> Nathanael | D46: =Hitung!B7 -> S1 | E46: =IF(AND(C46<>"",D46<>"",Hitung!B20>0,Hitung!E7>Hitung!B20,G46<>B46,F46>0),1,0) -> 1 | F46: =Hitung!D20 -> 21 | G46: =Hitung!X20 -> 1 | H46: =Hitung!$M$5-IF($G46=1,$F46,0)+IF($B46=1,$F46,0) -> 84 | I46: =Hitung!$M$6-IF($G46=2,$F46,0)+IF($B46=2,$F46,0) -> 0 | J46: =Hitung!$M$7-IF($G46=3,$F46,0)+IF($B46=3,$F46,0) -> 63 | K46: =Hitung!$M$8-IF($G46=4,$F46,0)+IF($B46=4,$F46,0) -> 0 | L46: =Hitung!$M$9-IF($G46=5,$F46,0)+IF($B46=5,$F46,0) -> 0 | M46: =Hitung!$M$10-IF($G46=6,$F46,0)+IF($B46=6,$F46,0) -> 61 | N46: =Hitung!$M$11-IF($G46=7,$F46,0)+IF($B46=7,$F46,0) -> 0 | O46: =Hitung!$M$12-IF($G46=8,$F46,0)+IF($B46=8,$F46,0) -> 0 | P46: =SUMPRODUCT($B$5:$I$5,$H46:$O46) -> 0 | Q46: =SUMPRODUCT($B$6:$I$6,$H46:$O46) -> 0 | R46: =SUMPRODUCT($B$7:$I$7,$H46:$O46) -> 61 | S46: =SUMPRODUCT($B$8:$I$8,$H46:$O46) -> 61 | T46: =SUMPRODUCT($B$9:$I$9,$H46:$O46) -> 61 | U46: =SUMPRODUCT($B$10:$I$10,$H46:$O46) -> 0 | V46: =SUMPRODUCT($B$11:$I$11,$H46:$O46) -> 0 | W46: =SUMPRODUCT($B$12:$I$12,$H46:$O46) -> 0 | X46: {=IF(H46=0,0,Hitung!$D$5*IF(Hitung!$C$5="Conquest",INDEX($AL$5:$AL$705,P46+H46+1)-INDEX($AL$5:$AL$705,P46+1),INDEX($AM$5:$AM$705,P46+H46+1)-INDEX($AM$5:$AM$705,P46+1)))} -> 25200000 | Y46: {=IF(I46=0,0,Hitung!$D$6*IF(Hitung!$C$6="Conquest",INDEX($AL$5:$AL$705,Q46+I46+1)-INDEX($AL$5:$AL$705,Q46+1),INDEX($AM$5:$AM$705,Q46+I46+1)-INDEX($AM$5:$AM$705,Q46+1)))} -> 0 | Z46: {=IF(J46=0,0,Hitung!$D$7*IF(Hitung!$C$7="Conquest",INDEX($AL$5:$AL$705,R46+J46+1)-INDEX($AL$5:$AL$705,R46+1),INDEX($AM$5:$AM$705,R46+J46+1)-INDEX($AM$5:$AM$705,R46+1)))} -> 7920000 | AA46: {=IF(K46=0,0,Hitung!$D$8*IF(Hitung!$C$8="Conquest",INDEX($AL$5:$AL$705,S46+K46+1)-INDEX($AL$5:$AL$705,S46+1),INDEX($AM$5:$AM$705,S46+K46+1)-INDEX($AM$5:$AM$705,S46+1)))} -> 0 | AB46: {=IF(L46=0,0,Hitung!$D$9*IF(Hitung!$C$9="Conquest",INDEX($AL$5:$AL$705,T46+L46+1)-INDEX($AL$5:$AL$705,T46+1),INDEX($AM$5:$AM$705,T46+L46+1)-INDEX($AM$5:$AM$705,T46+1)))} -> 0 | AC46: {=IF(M46=0,0,Hitung!$D$10*IF(Hitung!$C$10="Conquest",INDEX($AL$5:$AL$705,U46+M46+1)-INDEX($AL$5:$AL$705,U46+1),INDEX($AM$5:$AM$705,U46+M46+1)-INDEX($AM$5:$AM$705,U46+1)))} -> 28800000 | AD46: {=IF(N46=0,0,Hitung!$D$11*IF(Hitung!$C$11="Conquest",INDEX($AL$5:$AL$705,V46+N46+1)-INDEX($AL$5:$AL$705,V46+1),INDEX($AM$5:$AM$705,V46+N46+1)-INDEX($AM$5:$AM$705,V46+1)))} -> 0 | AE46: {=IF(O46=0,0,Hitung!$D$12*IF(Hitung!$C$12="Conquest",INDEX($AL$5:$AL$705,W46+O46+1)-INDEX($AL$5:$AL$705,W46+1),INDEX($AM$5:$AM$705,W46+O46+1)-INDEX($AM$5:$AM$705,W46+1)))} -> 0 | AF46: =SUM(X46:AE46) -> 61920000 | AG46: =IF(E46=1,AF46-Hitung!$AO$13,0) -> -3780000 | AH46: =IF(E46=1,Hitung!E7-Hitung!B20,0) -> 22 | AI46: =IF(AND(E46=1,AG46>0,AH46>0),AG46/AH46,0) -> 0 | AK46: 41 | AL46: =AL45+SUMIFS(Setting!$E$30:$E$39,Setting!$A$30:$A$39,AL$4,Setting!$C$30:$C$39,"<="&($AK46-1),Setting!$D$30:$D$39,">="&($AK46-1)) -> 41 | AM46: =AM45+SUMIFS(Setting!$E$30:$E$39,Setting!$A$30:$A$39,AM$4,Setting!$C$30:$C$39,"<="&($AK46-1),Setting!$D$30:$D$39,">="&($AK46-1)) -> 41
A47: 4 | B47: 4 | C47: =Hitung!A20 -> Nathanael | D47: =Hitung!B8 -> S2 | E47: =IF(AND(C47<>"",D47<>"",Hitung!B20>0,Hitung!E8>Hitung!B20,G47<>B47,F47>0),1,0) -> 1 | F47: =Hitung!D20 -> 21 | G47: =Hitung!X20 -> 1 | H47: =Hitung!$M$5-IF($G47=1,$F47,0)+IF($B47=1,$F47,0) -> 84 | I47: =Hitung!$M$6-IF($G47=2,$F47,0)+IF($B47=2,$F47,0) -> 0 | J47: =Hitung!$M$7-IF($G47=3,$F47,0)+IF($B47=3,$F47,0) -> 42 | K47: =Hitung!$M$8-IF($G47=4,$F47,0)+IF($B47=4,$F47,0) -> 21 | L47: =Hitung!$M$9-IF($G47=5,$F47,0)+IF($B47=5,$F47,0) -> 0 | M47: =Hitung!$M$10-IF($G47=6,$F47,0)+IF($B47=6,$F47,0) -> 61 | N47: =Hitung!$M$11-IF($G47=7,$F47,0)+IF($B47=7,$F47,0) -> 0 | O47: =Hitung!$M$12-IF($G47=8,$F47,0)+IF($B47=8,$F47,0) -> 0 | P47: =SUMPRODUCT($B$5:$I$5,$H47:$O47) -> 0 | Q47: =SUMPRODUCT($B$6:$I$6,$H47:$O47) -> 0 | R47: =SUMPRODUCT($B$7:$I$7,$H47:$O47) -> 82 | S47: =SUMPRODUCT($B$8:$I$8,$H47:$O47) -> 61 | T47: =SUMPRODUCT($B$9:$I$9,$H47:$O47) -> 61 | U47: =SUMPRODUCT($B$10:$I$10,$H47:$O47) -> 0 | V47: =SUMPRODUCT($B$11:$I$11,$H47:$O47) -> 0 | W47: =SUMPRODUCT($B$12:$I$12,$H47:$O47) -> 0 | X47: {=IF(H47=0,0,Hitung!$D$5*IF(Hitung!$C$5="Conquest",INDEX($AL$5:$AL$705,P47+H47+1)-INDEX($AL$5:$AL$705,P47+1),INDEX($AM$5:$AM$705,P47+H47+1)-INDEX($AM$5:$AM$705,P47+1)))} -> 25200000 | Y47: {=IF(I47=0,0,Hitung!$D$6*IF(Hitung!$C$6="Conquest",INDEX($AL$5:$AL$705,Q47+I47+1)-INDEX($AL$5:$AL$705,Q47+1),INDEX($AM$5:$AM$705,Q47+I47+1)-INDEX($AM$5:$AM$705,Q47+1)))} -> 0 | Z47: {=IF(J47=0,0,Hitung!$D$7*IF(Hitung!$C$7="Conquest",INDEX($AL$5:$AL$705,R47+J47+1)-INDEX($AL$5:$AL$705,R47+1),INDEX($AM$5:$AM$705,R47+J47+1)-INDEX($AM$5:$AM$705,R47+1)))} -> 3600000 | AA47: {=IF(K47=0,0,Hitung!$D$8*IF(Hitung!$C$8="Conquest",INDEX($AL$5:$AL$705,S47+K47+1)-INDEX($AL$5:$AL$705,S47+1),INDEX($AM$5:$AM$705,S47+K47+1)-INDEX($AM$5:$AM$705,S47+1)))} -> 5184000 | AB47: {=IF(L47=0,0,Hitung!$D$9*IF(Hitung!$C$9="Conquest",INDEX($AL$5:$AL$705,T47+L47+1)-INDEX($AL$5:$AL$705,T47+1),INDEX($AM$5:$AM$705,T47+L47+1)-INDEX($AM$5:$AM$705,T47+1)))} -> 0 | AC47: {=IF(M47=0,0,Hitung!$D$10*IF(Hitung!$C$10="Conquest",INDEX($AL$5:$AL$705,U47+M47+1)-INDEX($AL$5:$AL$705,U47+1),INDEX($AM$5:$AM$705,U47+M47+1)-INDEX($AM$5:$AM$705,U47+1)))} -> 28800000 | AD47: {=IF(N47=0,0,Hitung!$D$11*IF(Hitung!$C$11="Conquest",INDEX($AL$5:$AL$705,V47+N47+1)-INDEX($AL$5:$AL$705,V47+1),INDEX($AM$5:$AM$705,V47+N47+1)-INDEX($AM$5:$AM$705,V47+1)))} -> 0 | AE47: {=IF(O47=0,0,Hitung!$D$12*IF(Hitung!$C$12="Conquest",INDEX($AL$5:$AL$705,W47+O47+1)-INDEX($AL$5:$AL$705,W47+1),INDEX($AM$5:$AM$705,W47+O47+1)-INDEX($AM$5:$AM$705,W47+1)))} -> 0 | AF47: =SUM(X47:AE47) -> 62784000 | AG47: =IF(E47=1,AF47-Hitung!$AO$13,0) -> -2916000 | AH47: =IF(E47=1,Hitung!E8-Hitung!B20,0) -> 322 | AI47: =IF(AND(E47=1,AG47>0,AH47>0),AG47/AH47,0) -> 0 | AK47: 42 | AL47: =AL46+SUMIFS(Setting!$E$30:$E$39,Setting!$A$30:$A$39,AL$4,Setting!$C$30:$C$39,"<="&($AK47-1),Setting!$D$30:$D$39,">="&($AK47-1)) -> 42 | AM47: =AM46+SUMIFS(Setting!$E$30:$E$39,Setting!$A$30:$A$39,AM$4,Setting!$C$30:$C$39,"<="&($AK47-1),Setting!$D$30:$D$39,">="&($AK47-1)) -> 42
A48: 4 | B48: 5 | C48: =Hitung!A20 -> Nathanael | D48: =Hitung!B9 -> S3 | E48: =IF(AND(C48<>"",D48<>"",Hitung!B20>0,Hitung!E9>Hitung!B20,G48<>B48,F48>0),1,0) -> 1 | F48: =Hitung!D20 -> 21 | G48: =Hitung!X20 -> 1 | H48: =Hitung!$M$5-IF($G48=1,$F48,0)+IF($B48=1,$F48,0) -> 84 | I48: =Hitung!$M$6-IF($G48=2,$F48,0)+IF($B48=2,$F48,0) -> 0 | J48: =Hitung!$M$7-IF($G48=3,$F48,0)+IF($B48=3,$F48,0) -> 42 | K48: =Hitung!$M$8-IF($G48=4,$F48,0)+IF($B48=4,$F48,0) -> 0 | L48: =Hitung!$M$9-IF($G48=5,$F48,0)+IF($B48=5,$F48,0) -> 21 | M48: =Hitung!$M$10-IF($G48=6,$F48,0)+IF($B48=6,$F48,0) -> 61 | N48: =Hitung!$M$11-IF($G48=7,$F48,0)+IF($B48=7,$F48,0) -> 0 | O48: =Hitung!$M$12-IF($G48=8,$F48,0)+IF($B48=8,$F48,0) -> 0 | P48: =SUMPRODUCT($B$5:$I$5,$H48:$O48) -> 0 | Q48: =SUMPRODUCT($B$6:$I$6,$H48:$O48) -> 0 | R48: =SUMPRODUCT($B$7:$I$7,$H48:$O48) -> 82 | S48: =SUMPRODUCT($B$8:$I$8,$H48:$O48) -> 82 | T48: =SUMPRODUCT($B$9:$I$9,$H48:$O48) -> 61 | U48: =SUMPRODUCT($B$10:$I$10,$H48:$O48) -> 0 | V48: =SUMPRODUCT($B$11:$I$11,$H48:$O48) -> 0 | W48: =SUMPRODUCT($B$12:$I$12,$H48:$O48) -> 0 | X48: {=IF(H48=0,0,Hitung!$D$5*IF(Hitung!$C$5="Conquest",INDEX($AL$5:$AL$705,P48+H48+1)-INDEX($AL$5:$AL$705,P48+1),INDEX($AM$5:$AM$705,P48+H48+1)-INDEX($AM$5:$AM$705,P48+1)))} -> 25200000 | Y48: {=IF(I48=0,0,Hitung!$D$6*IF(Hitung!$C$6="Conquest",INDEX($AL$5:$AL$705,Q48+I48+1)-INDEX($AL$5:$AL$705,Q48+1),INDEX($AM$5:$AM$705,Q48+I48+1)-INDEX($AM$5:$AM$705,Q48+1)))} -> 0 | Z48: {=IF(J48=0,0,Hitung!$D$7*IF(Hitung!$C$7="Conquest",INDEX($AL$5:$AL$705,R48+J48+1)-INDEX($AL$5:$AL$705,R48+1),INDEX($AM$5:$AM$705,R48+J48+1)-INDEX($AM$5:$AM$705,R48+1)))} -> 3600000 | AA48: {=IF(K48=0,0,Hitung!$D$8*IF(Hitung!$C$8="Conquest",INDEX($AL$5:$AL$705,S48+K48+1)-INDEX($AL$5:$AL$705,S48+1),INDEX($AM$5:$AM$705,S48+K48+1)-INDEX($AM$5:$AM$705,S48+1)))} -> 0 | AB48: {=IF(L48=0,0,Hitung!$D$9*IF(Hitung!$C$9="Conquest",INDEX($AL$5:$AL$705,T48+L48+1)-INDEX($AL$5:$AL$705,T48+1),INDEX($AM$5:$AM$705,T48+L48+1)-INDEX($AM$5:$AM$705,T48+1)))} -> 6048000 | AC48: {=IF(M48=0,0,Hitung!$D$10*IF(Hitung!$C$10="Conquest",INDEX($AL$5:$AL$705,U48+M48+1)-INDEX($AL$5:$AL$705,U48+1),INDEX($AM$5:$AM$705,U48+M48+1)-INDEX($AM$5:$AM$705,U48+1)))} -> 28800000 | AD48: {=IF(N48=0,0,Hitung!$D$11*IF(Hitung!$C$11="Conquest",INDEX($AL$5:$AL$705,V48+N48+1)-INDEX($AL$5:$AL$705,V48+1),INDEX($AM$5:$AM$705,V48+N48+1)-INDEX($AM$5:$AM$705,V48+1)))} -> 0 | AE48: {=IF(O48=0,0,Hitung!$D$12*IF(Hitung!$C$12="Conquest",INDEX($AL$5:$AL$705,W48+O48+1)-INDEX($AL$5:$AL$705,W48+1),INDEX($AM$5:$AM$705,W48+O48+1)-INDEX($AM$5:$AM$705,W48+1)))} -> 0 | AF48: =SUM(X48:AE48) -> 63648000 | AG48: =IF(E48=1,AF48-Hitung!$AO$13,0) -> -2052000 | AH48: =IF(E48=1,Hitung!E9-Hitung!B20,0) -> 622 | AI48: =IF(AND(E48=1,AG48>0,AH48>0),AG48/AH48,0) -> 0 | AK48: 43 | AL48: =AL47+SUMIFS(Setting!$E$30:$E$39,Setting!$A$30:$A$39,AL$4,Setting!$C$30:$C$39,"<="&($AK48-1),Setting!$D$30:$D$39,">="&($AK48-1)) -> 43 | AM48: =AM47+SUMIFS(Setting!$E$30:$E$39,Setting!$A$30:$A$39,AM$4,Setting!$C$30:$C$39,"<="&($AK48-1),Setting!$D$30:$D$39,">="&($AK48-1)) -> 43
A49: 4 | B49: 6 | C49: =Hitung!A20 -> Nathanael | D49: =Hitung!B10 -> S4 | E49: =IF(AND(C49<>"",D49<>"",Hitung!B20>0,Hitung!E10>Hitung!B20,G49<>B49,F49>0),1,0) -> 1 | F49: =Hitung!D20 -> 21 | G49: =Hitung!X20 -> 1 | H49: =Hitung!$M$5-IF($G49=1,$F49,0)+IF($B49=1,$F49,0) -> 84 | I49: =Hitung!$M$6-IF($G49=2,$F49,0)+IF($B49=2,$F49,0) -> 0 | J49: =Hitung!$M$7-IF($G49=3,$F49,0)+IF($B49=3,$F49,0) -> 42 | K49: =Hitung!$M$8-IF($G49=4,$F49,0)+IF($B49=4,$F49,0) -> 0 | L49: =Hitung!$M$9-IF($G49=5,$F49,0)+IF($B49=5,$F49,0) -> 0 | M49: =Hitung!$M$10-IF($G49=6,$F49,0)+IF($B49=6,$F49,0) -> 82 | N49: =Hitung!$M$11-IF($G49=7,$F49,0)+IF($B49=7,$F49,0) -> 0 | O49: =Hitung!$M$12-IF($G49=8,$F49,0)+IF($B49=8,$F49,0) -> 0 | P49: =SUMPRODUCT($B$5:$I$5,$H49:$O49) -> 0 | Q49: =SUMPRODUCT($B$6:$I$6,$H49:$O49) -> 0 | R49: =SUMPRODUCT($B$7:$I$7,$H49:$O49) -> 82 | S49: =SUMPRODUCT($B$8:$I$8,$H49:$O49) -> 82 | T49: =SUMPRODUCT($B$9:$I$9,$H49:$O49) -> 82 | U49: =SUMPRODUCT($B$10:$I$10,$H49:$O49) -> 0 | V49: =SUMPRODUCT($B$11:$I$11,$H49:$O49) -> 0 | W49: =SUMPRODUCT($B$12:$I$12,$H49:$O49) -> 0 | X49: {=IF(H49=0,0,Hitung!$D$5*IF(Hitung!$C$5="Conquest",INDEX($AL$5:$AL$705,P49+H49+1)-INDEX($AL$5:$AL$705,P49+1),INDEX($AM$5:$AM$705,P49+H49+1)-INDEX($AM$5:$AM$705,P49+1)))} -> 25200000 | Y49: {=IF(I49=0,0,Hitung!$D$6*IF(Hitung!$C$6="Conquest",INDEX($AL$5:$AL$705,Q49+I49+1)-INDEX($AL$5:$AL$705,Q49+1),INDEX($AM$5:$AM$705,Q49+I49+1)-INDEX($AM$5:$AM$705,Q49+1)))} -> 0 | Z49: {=IF(J49=0,0,Hitung!$D$7*IF(Hitung!$C$7="Conquest",INDEX($AL$5:$AL$705,R49+J49+1)-INDEX($AL$5:$AL$705,R49+1),INDEX($AM$5:$AM$705,R49+J49+1)-INDEX($AM$5:$AM$705,R49+1)))} -> 3600000 | AA49: {=IF(K49=0,0,Hitung!$D$8*IF(Hitung!$C$8="Conquest",INDEX($AL$5:$AL$705,S49+K49+1)-INDEX($AL$5:$AL$705,S49+1),INDEX($AM$5:$AM$705,S49+K49+1)-INDEX($AM$5:$AM$705,S49+1)))} -> 0 | AB49: {=IF(L49=0,0,Hitung!$D$9*IF(Hitung!$C$9="Conquest",INDEX($AL$5:$AL$705,T49+L49+1)-INDEX($AL$5:$AL$705,T49+1),INDEX($AM$5:$AM$705,T49+L49+1)-INDEX($AM$5:$AM$705,T49+1)))} -> 0 | AC49: {=IF(M49=0,0,Hitung!$D$10*IF(Hitung!$C$10="Conquest",INDEX($AL$5:$AL$705,U49+M49+1)-INDEX($AL$5:$AL$705,U49+1),INDEX($AM$5:$AM$705,U49+M49+1)-INDEX($AM$5:$AM$705,U49+1)))} -> 35712000 | AD49: {=IF(N49=0,0,Hitung!$D$11*IF(Hitung!$C$11="Conquest",INDEX($AL$5:$AL$705,V49+N49+1)-INDEX($AL$5:$AL$705,V49+1),INDEX($AM$5:$AM$705,V49+N49+1)-INDEX($AM$5:$AM$705,V49+1)))} -> 0 | AE49: {=IF(O49=0,0,Hitung!$D$12*IF(Hitung!$C$12="Conquest",INDEX($AL$5:$AL$705,W49+O49+1)-INDEX($AL$5:$AL$705,W49+1),INDEX($AM$5:$AM$705,W49+O49+1)-INDEX($AM$5:$AM$705,W49+1)))} -> 0 | AF49: =SUM(X49:AE49) -> 64512000 | AG49: =IF(E49=1,AF49-Hitung!$AO$13,0) -> -1188000 | AH49: =IF(E49=1,Hitung!E10-Hitung!B20,0) -> 922 | AI49: =IF(AND(E49=1,AG49>0,AH49>0),AG49/AH49,0) -> 0 | AK49: 44 | AL49: =AL48+SUMIFS(Setting!$E$30:$E$39,Setting!$A$30:$A$39,AL$4,Setting!$C$30:$C$39,"<="&($AK49-1),Setting!$D$30:$D$39,">="&($AK49-1)) -> 44 | AM49: =AM48+SUMIFS(Setting!$E$30:$E$39,Setting!$A$30:$A$39,AM$4,Setting!$C$30:$C$39,"<="&($AK49-1),Setting!$D$30:$D$39,">="&($AK49-1)) -> 44
A50: 4 | B50: 7 | C50: =Hitung!A20 -> Nathanael | D50: =Hitung!B11 | E50: =IF(AND(C50<>"",D50<>"",Hitung!B20>0,Hitung!E11>Hitung!B20,G50<>B50,F50>0),1,0) -> 0 | F50: =Hitung!D20 -> 21 | G50: =Hitung!X20 -> 1 | H50: =Hitung!$M$5-IF($G50=1,$F50,0)+IF($B50=1,$F50,0) -> 84 | I50: =Hitung!$M$6-IF($G50=2,$F50,0)+IF($B50=2,$F50,0) -> 0 | J50: =Hitung!$M$7-IF($G50=3,$F50,0)+IF($B50=3,$F50,0) -> 42 | K50: =Hitung!$M$8-IF($G50=4,$F50,0)+IF($B50=4,$F50,0) -> 0 | L50: =Hitung!$M$9-IF($G50=5,$F50,0)+IF($B50=5,$F50,0) -> 0 | M50: =Hitung!$M$10-IF($G50=6,$F50,0)+IF($B50=6,$F50,0) -> 61 | N50: =Hitung!$M$11-IF($G50=7,$F50,0)+IF($B50=7,$F50,0) -> 21 | O50: =Hitung!$M$12-IF($G50=8,$F50,0)+IF($B50=8,$F50,0) -> 0 | P50: =SUMPRODUCT($B$5:$I$5,$H50:$O50) -> 0 | Q50: =SUMPRODUCT($B$6:$I$6,$H50:$O50) -> 0 | R50: =SUMPRODUCT($B$7:$I$7,$H50:$O50) -> 61 | S50: =SUMPRODUCT($B$8:$I$8,$H50:$O50) -> 61 | T50: =SUMPRODUCT($B$9:$I$9,$H50:$O50) -> 61 | U50: =SUMPRODUCT($B$10:$I$10,$H50:$O50) -> 0 | V50: =SUMPRODUCT($B$11:$I$11,$H50:$O50) -> 0 | W50: =SUMPRODUCT($B$12:$I$12,$H50:$O50) -> 0 | X50: {=IF(H50=0,0,Hitung!$D$5*IF(Hitung!$C$5="Conquest",INDEX($AL$5:$AL$705,P50+H50+1)-INDEX($AL$5:$AL$705,P50+1),INDEX($AM$5:$AM$705,P50+H50+1)-INDEX($AM$5:$AM$705,P50+1)))} -> 25200000 | Y50: {=IF(I50=0,0,Hitung!$D$6*IF(Hitung!$C$6="Conquest",INDEX($AL$5:$AL$705,Q50+I50+1)-INDEX($AL$5:$AL$705,Q50+1),INDEX($AM$5:$AM$705,Q50+I50+1)-INDEX($AM$5:$AM$705,Q50+1)))} -> 0 | Z50: {=IF(J50=0,0,Hitung!$D$7*IF(Hitung!$C$7="Conquest",INDEX($AL$5:$AL$705,R50+J50+1)-INDEX($AL$5:$AL$705,R50+1),INDEX($AM$5:$AM$705,R50+J50+1)-INDEX($AM$5:$AM$705,R50+1)))} -> 6660000 | AA50: {=IF(K50=0,0,Hitung!$D$8*IF(Hitung!$C$8="Conquest",INDEX($AL$5:$AL$705,S50+K50+1)-INDEX($AL$5:$AL$705,S50+1),INDEX($AM$5:$AM$705,S50+K50+1)-INDEX($AM$5:$AM$705,S50+1)))} -> 0 | AB50: {=IF(L50=0,0,Hitung!$D$9*IF(Hitung!$C$9="Conquest",INDEX($AL$5:$AL$705,T50+L50+1)-INDEX($AL$5:$AL$705,T50+1),INDEX($AM$5:$AM$705,T50+L50+1)-INDEX($AM$5:$AM$705,T50+1)))} -> 0 | AC50: {=IF(M50=0,0,Hitung!$D$10*IF(Hitung!$C$10="Conquest",INDEX($AL$5:$AL$705,U50+M50+1)-INDEX($AL$5:$AL$705,U50+1),INDEX($AM$5:$AM$705,U50+M50+1)-INDEX($AM$5:$AM$705,U50+1)))} -> 28800000 | AD50: {=IF(N50=0,0,Hitung!$D$11*IF(Hitung!$C$11="Conquest",INDEX($AL$5:$AL$705,V50+N50+1)-INDEX($AL$5:$AL$705,V50+1),INDEX($AM$5:$AM$705,V50+N50+1)-INDEX($AM$5:$AM$705,V50+1)))} -> 0 | AE50: {=IF(O50=0,0,Hitung!$D$12*IF(Hitung!$C$12="Conquest",INDEX($AL$5:$AL$705,W50+O50+1)-INDEX($AL$5:$AL$705,W50+1),INDEX($AM$5:$AM$705,W50+O50+1)-INDEX($AM$5:$AM$705,W50+1)))} -> 0 | AF50: =SUM(X50:AE50) -> 60660000 | AG50: =IF(E50=1,AF50-Hitung!$AO$13,0) -> 0 | AH50: =IF(E50=1,Hitung!E11-Hitung!B20,0) -> 0 | AI50: =IF(AND(E50=1,AG50>0,AH50>0),AG50/AH50,0) -> 0 | AK50: 45 | AL50: =AL49+SUMIFS(Setting!$E$30:$E$39,Setting!$A$30:$A$39,AL$4,Setting!$C$30:$C$39,"<="&($AK50-1),Setting!$D$30:$D$39,">="&($AK50-1)) -> 45 | AM50: =AM49+SUMIFS(Setting!$E$30:$E$39,Setting!$A$30:$A$39,AM$4,Setting!$C$30:$C$39,"<="&($AK50-1),Setting!$D$30:$D$39,">="&($AK50-1)) -> 45
A51: 4 | B51: 8 | C51: =Hitung!A20 -> Nathanael | D51: =Hitung!B12 | E51: =IF(AND(C51<>"",D51<>"",Hitung!B20>0,Hitung!E12>Hitung!B20,G51<>B51,F51>0),1,0) -> 0 | F51: =Hitung!D20 -> 21 | G51: =Hitung!X20 -> 1 | H51: =Hitung!$M$5-IF($G51=1,$F51,0)+IF($B51=1,$F51,0) -> 84 | I51: =Hitung!$M$6-IF($G51=2,$F51,0)+IF($B51=2,$F51,0) -> 0 | J51: =Hitung!$M$7-IF($G51=3,$F51,0)+IF($B51=3,$F51,0) -> 42 | K51: =Hitung!$M$8-IF($G51=4,$F51,0)+IF($B51=4,$F51,0) -> 0 | L51: =Hitung!$M$9-IF($G51=5,$F51,0)+IF($B51=5,$F51,0) -> 0 | M51: =Hitung!$M$10-IF($G51=6,$F51,0)+IF($B51=6,$F51,0) -> 61 | N51: =Hitung!$M$11-IF($G51=7,$F51,0)+IF($B51=7,$F51,0) -> 0 | O51: =Hitung!$M$12-IF($G51=8,$F51,0)+IF($B51=8,$F51,0) -> 21 | P51: =SUMPRODUCT($B$5:$I$5,$H51:$O51) -> 0 | Q51: =SUMPRODUCT($B$6:$I$6,$H51:$O51) -> 0 | R51: =SUMPRODUCT($B$7:$I$7,$H51:$O51) -> 61 | S51: =SUMPRODUCT($B$8:$I$8,$H51:$O51) -> 61 | T51: =SUMPRODUCT($B$9:$I$9,$H51:$O51) -> 61 | U51: =SUMPRODUCT($B$10:$I$10,$H51:$O51) -> 0 | V51: =SUMPRODUCT($B$11:$I$11,$H51:$O51) -> 0 | W51: =SUMPRODUCT($B$12:$I$12,$H51:$O51) -> 0 | X51: {=IF(H51=0,0,Hitung!$D$5*IF(Hitung!$C$5="Conquest",INDEX($AL$5:$AL$705,P51+H51+1)-INDEX($AL$5:$AL$705,P51+1),INDEX($AM$5:$AM$705,P51+H51+1)-INDEX($AM$5:$AM$705,P51+1)))} -> 25200000 | Y51: {=IF(I51=0,0,Hitung!$D$6*IF(Hitung!$C$6="Conquest",INDEX($AL$5:$AL$705,Q51+I51+1)-INDEX($AL$5:$AL$705,Q51+1),INDEX($AM$5:$AM$705,Q51+I51+1)-INDEX($AM$5:$AM$705,Q51+1)))} -> 0 | Z51: {=IF(J51=0,0,Hitung!$D$7*IF(Hitung!$C$7="Conquest",INDEX($AL$5:$AL$705,R51+J51+1)-INDEX($AL$5:$AL$705,R51+1),INDEX($AM$5:$AM$705,R51+J51+1)-INDEX($AM$5:$AM$705,R51+1)))} -> 6660000 | AA51: {=IF(K51=0,0,Hitung!$D$8*IF(Hitung!$C$8="Conquest",INDEX($AL$5:$AL$705,S51+K51+1)-INDEX($AL$5:$AL$705,S51+1),INDEX($AM$5:$AM$705,S51+K51+1)-INDEX($AM$5:$AM$705,S51+1)))} -> 0 | AB51: {=IF(L51=0,0,Hitung!$D$9*IF(Hitung!$C$9="Conquest",INDEX($AL$5:$AL$705,T51+L51+1)-INDEX($AL$5:$AL$705,T51+1),INDEX($AM$5:$AM$705,T51+L51+1)-INDEX($AM$5:$AM$705,T51+1)))} -> 0 | AC51: {=IF(M51=0,0,Hitung!$D$10*IF(Hitung!$C$10="Conquest",INDEX($AL$5:$AL$705,U51+M51+1)-INDEX($AL$5:$AL$705,U51+1),INDEX($AM$5:$AM$705,U51+M51+1)-INDEX($AM$5:$AM$705,U51+1)))} -> 28800000 | AD51: {=IF(N51=0,0,Hitung!$D$11*IF(Hitung!$C$11="Conquest",INDEX($AL$5:$AL$705,V51+N51+1)-INDEX($AL$5:$AL$705,V51+1),INDEX($AM$5:$AM$705,V51+N51+1)-INDEX($AM$5:$AM$705,V51+1)))} -> 0 | AE51: {=IF(O51=0,0,Hitung!$D$12*IF(Hitung!$C$12="Conquest",INDEX($AL$5:$AL$705,W51+O51+1)-INDEX($AL$5:$AL$705,W51+1),INDEX($AM$5:$AM$705,W51+O51+1)-INDEX($AM$5:$AM$705,W51+1)))} -> 0 | AF51: =SUM(X51:AE51) -> 60660000 | AG51: =IF(E51=1,AF51-Hitung!$AO$13,0) -> 0 | AH51: =IF(E51=1,Hitung!E12-Hitung!B20,0) -> 0 | AI51: =IF(AND(E51=1,AG51>0,AH51>0),AG51/AH51,0) -> 0 | AK51: 46 | AL51: =AL50+SUMIFS(Setting!$E$30:$E$39,Setting!$A$30:$A$39,AL$4,Setting!$C$30:$C$39,"<="&($AK51-1),Setting!$D$30:$D$39,">="&($AK51-1)) -> 46 | AM51: =AM50+SUMIFS(Setting!$E$30:$E$39,Setting!$A$30:$A$39,AM$4,Setting!$C$30:$C$39,"<="&($AK51-1),Setting!$D$30:$D$39,">="&($AK51-1)) -> 46
A52: 5 | B52: 1 | C52: =Hitung!A21 -> Cicero | D52: =Hitung!B5 -> T2 | E52: =IF(AND(C52<>"",D52<>"",Hitung!B21>0,Hitung!E5>Hitung!B21,G52<>B52,F52>0),1,0) -> 0 | F52: =Hitung!D21 -> 21 | G52: =Hitung!X21 -> 1 | H52: =Hitung!$M$5-IF($G52=1,$F52,0)+IF($B52=1,$F52,0) -> 105 | I52: =Hitung!$M$6-IF($G52=2,$F52,0)+IF($B52=2,$F52,0) -> 0 | J52: =Hitung!$M$7-IF($G52=3,$F52,0)+IF($B52=3,$F52,0) -> 42 | K52: =Hitung!$M$8-IF($G52=4,$F52,0)+IF($B52=4,$F52,0) -> 0 | L52: =Hitung!$M$9-IF($G52=5,$F52,0)+IF($B52=5,$F52,0) -> 0 | M52: =Hitung!$M$10-IF($G52=6,$F52,0)+IF($B52=6,$F52,0) -> 61 | N52: =Hitung!$M$11-IF($G52=7,$F52,0)+IF($B52=7,$F52,0) -> 0 | O52: =Hitung!$M$12-IF($G52=8,$F52,0)+IF($B52=8,$F52,0) -> 0 | P52: =SUMPRODUCT($B$5:$I$5,$H52:$O52) -> 0 | Q52: =SUMPRODUCT($B$6:$I$6,$H52:$O52) -> 0 | R52: =SUMPRODUCT($B$7:$I$7,$H52:$O52) -> 61 | S52: =SUMPRODUCT($B$8:$I$8,$H52:$O52) -> 61 | T52: =SUMPRODUCT($B$9:$I$9,$H52:$O52) -> 61 | U52: =SUMPRODUCT($B$10:$I$10,$H52:$O52) -> 0 | V52: =SUMPRODUCT($B$11:$I$11,$H52:$O52) -> 0 | W52: =SUMPRODUCT($B$12:$I$12,$H52:$O52) -> 0 | X52: {=IF(H52=0,0,Hitung!$D$5*IF(Hitung!$C$5="Conquest",INDEX($AL$5:$AL$705,P52+H52+1)-INDEX($AL$5:$AL$705,P52+1),INDEX($AM$5:$AM$705,P52+H52+1)-INDEX($AM$5:$AM$705,P52+1)))} -> 30240000 | Y52: {=IF(I52=0,0,Hitung!$D$6*IF(Hitung!$C$6="Conquest",INDEX($AL$5:$AL$705,Q52+I52+1)-INDEX($AL$5:$AL$705,Q52+1),INDEX($AM$5:$AM$705,Q52+I52+1)-INDEX($AM$5:$AM$705,Q52+1)))} -> 0 | Z52: {=IF(J52=0,0,Hitung!$D$7*IF(Hitung!$C$7="Conquest",INDEX($AL$5:$AL$705,R52+J52+1)-INDEX($AL$5:$AL$705,R52+1),INDEX($AM$5:$AM$705,R52+J52+1)-INDEX($AM$5:$AM$705,R52+1)))} -> 6660000 | AA52: {=IF(K52=0,0,Hitung!$D$8*IF(Hitung!$C$8="Conquest",INDEX($AL$5:$AL$705,S52+K52+1)-INDEX($AL$5:$AL$705,S52+1),INDEX($AM$5:$AM$705,S52+K52+1)-INDEX($AM$5:$AM$705,S52+1)))} -> 0 | AB52: {=IF(L52=0,0,Hitung!$D$9*IF(Hitung!$C$9="Conquest",INDEX($AL$5:$AL$705,T52+L52+1)-INDEX($AL$5:$AL$705,T52+1),INDEX($AM$5:$AM$705,T52+L52+1)-INDEX($AM$5:$AM$705,T52+1)))} -> 0 | AC52: {=IF(M52=0,0,Hitung!$D$10*IF(Hitung!$C$10="Conquest",INDEX($AL$5:$AL$705,U52+M52+1)-INDEX($AL$5:$AL$705,U52+1),INDEX($AM$5:$AM$705,U52+M52+1)-INDEX($AM$5:$AM$705,U52+1)))} -> 28800000 | AD52: {=IF(N52=0,0,Hitung!$D$11*IF(Hitung!$C$11="Conquest",INDEX($AL$5:$AL$705,V52+N52+1)-INDEX($AL$5:$AL$705,V52+1),INDEX($AM$5:$AM$705,V52+N52+1)-INDEX($AM$5:$AM$705,V52+1)))} -> 0 | AE52: {=IF(O52=0,0,Hitung!$D$12*IF(Hitung!$C$12="Conquest",INDEX($AL$5:$AL$705,W52+O52+1)-INDEX($AL$5:$AL$705,W52+1),INDEX($AM$5:$AM$705,W52+O52+1)-INDEX($AM$5:$AM$705,W52+1)))} -> 0 | AF52: =SUM(X52:AE52) -> 65700000 | AG52: =IF(E52=1,AF52-Hitung!$AO$13,0) -> 0 | AH52: =IF(E52=1,Hitung!E5-Hitung!B21,0) -> 0 | AI52: =IF(AND(E52=1,AG52>0,AH52>0),AG52/AH52,0) -> 0 | AK52: 47 | AL52: =AL51+SUMIFS(Setting!$E$30:$E$39,Setting!$A$30:$A$39,AL$4,Setting!$C$30:$C$39,"<="&($AK52-1),Setting!$D$30:$D$39,">="&($AK52-1)) -> 47 | AM52: =AM51+SUMIFS(Setting!$E$30:$E$39,Setting!$A$30:$A$39,AM$4,Setting!$C$30:$C$39,"<="&($AK52-1),Setting!$D$30:$D$39,">="&($AK52-1)) -> 47
A53: 5 | B53: 2 | C53: =Hitung!A21 -> Cicero | D53: =Hitung!B6 -> T3 | E53: =IF(AND(C53<>"",D53<>"",Hitung!B21>0,Hitung!E6>Hitung!B21,G53<>B53,F53>0),1,0) -> 1 | F53: =Hitung!D21 -> 21 | G53: =Hitung!X21 -> 1 | H53: =Hitung!$M$5-IF($G53=1,$F53,0)+IF($B53=1,$F53,0) -> 84 | I53: =Hitung!$M$6-IF($G53=2,$F53,0)+IF($B53=2,$F53,0) -> 21 | J53: =Hitung!$M$7-IF($G53=3,$F53,0)+IF($B53=3,$F53,0) -> 42 | K53: =Hitung!$M$8-IF($G53=4,$F53,0)+IF($B53=4,$F53,0) -> 0 | L53: =Hitung!$M$9-IF($G53=5,$F53,0)+IF($B53=5,$F53,0) -> 0 | M53: =Hitung!$M$10-IF($G53=6,$F53,0)+IF($B53=6,$F53,0) -> 61 | N53: =Hitung!$M$11-IF($G53=7,$F53,0)+IF($B53=7,$F53,0) -> 0 | O53: =Hitung!$M$12-IF($G53=8,$F53,0)+IF($B53=8,$F53,0) -> 0 | P53: =SUMPRODUCT($B$5:$I$5,$H53:$O53) -> 21 | Q53: =SUMPRODUCT($B$6:$I$6,$H53:$O53) -> 0 | R53: =SUMPRODUCT($B$7:$I$7,$H53:$O53) -> 61 | S53: =SUMPRODUCT($B$8:$I$8,$H53:$O53) -> 61 | T53: =SUMPRODUCT($B$9:$I$9,$H53:$O53) -> 61 | U53: =SUMPRODUCT($B$10:$I$10,$H53:$O53) -> 0 | V53: =SUMPRODUCT($B$11:$I$11,$H53:$O53) -> 0 | W53: =SUMPRODUCT($B$12:$I$12,$H53:$O53) -> 0 | X53: {=IF(H53=0,0,Hitung!$D$5*IF(Hitung!$C$5="Conquest",INDEX($AL$5:$AL$705,P53+H53+1)-INDEX($AL$5:$AL$705,P53+1),INDEX($AM$5:$AM$705,P53+H53+1)-INDEX($AM$5:$AM$705,P53+1)))} -> 23940000 | Y53: {=IF(I53=0,0,Hitung!$D$6*IF(Hitung!$C$6="Conquest",INDEX($AL$5:$AL$705,Q53+I53+1)-INDEX($AL$5:$AL$705,Q53+1),INDEX($AM$5:$AM$705,Q53+I53+1)-INDEX($AM$5:$AM$705,Q53+1)))} -> 8400000 | Z53: {=IF(J53=0,0,Hitung!$D$7*IF(Hitung!$C$7="Conquest",INDEX($AL$5:$AL$705,R53+J53+1)-INDEX($AL$5:$AL$705,R53+1),INDEX($AM$5:$AM$705,R53+J53+1)-INDEX($AM$5:$AM$705,R53+1)))} -> 6660000 | AA53: {=IF(K53=0,0,Hitung!$D$8*IF(Hitung!$C$8="Conquest",INDEX($AL$5:$AL$705,S53+K53+1)-INDEX($AL$5:$AL$705,S53+1),INDEX($AM$5:$AM$705,S53+K53+1)-INDEX($AM$5:$AM$705,S53+1)))} -> 0 | AB53: {=IF(L53=0,0,Hitung!$D$9*IF(Hitung!$C$9="Conquest",INDEX($AL$5:$AL$705,T53+L53+1)-INDEX($AL$5:$AL$705,T53+1),INDEX($AM$5:$AM$705,T53+L53+1)-INDEX($AM$5:$AM$705,T53+1)))} -> 0 | AC53: {=IF(M53=0,0,Hitung!$D$10*IF(Hitung!$C$10="Conquest",INDEX($AL$5:$AL$705,U53+M53+1)-INDEX($AL$5:$AL$705,U53+1),INDEX($AM$5:$AM$705,U53+M53+1)-INDEX($AM$5:$AM$705,U53+1)))} -> 28800000 | AD53: {=IF(N53=0,0,Hitung!$D$11*IF(Hitung!$C$11="Conquest",INDEX($AL$5:$AL$705,V53+N53+1)-INDEX($AL$5:$AL$705,V53+1),INDEX($AM$5:$AM$705,V53+N53+1)-INDEX($AM$5:$AM$705,V53+1)))} -> 0 | AE53: {=IF(O53=0,0,Hitung!$D$12*IF(Hitung!$C$12="Conquest",INDEX($AL$5:$AL$705,W53+O53+1)-INDEX($AL$5:$AL$705,W53+1),INDEX($AM$5:$AM$705,W53+O53+1)-INDEX($AM$5:$AM$705,W53+1)))} -> 0 | AF53: =SUM(X53:AE53) -> 67800000 | AG53: =IF(E53=1,AF53-Hitung!$AO$13,0) -> 2100000 | AH53: =IF(E53=1,Hitung!E6-Hitung!B21,0) -> 598 | AI53: =IF(AND(E53=1,AG53>0,AH53>0),AG53/AH53,0) -> 3511.7057 | AK53: 48 | AL53: =AL52+SUMIFS(Setting!$E$30:$E$39,Setting!$A$30:$A$39,AL$4,Setting!$C$30:$C$39,"<="&($AK53-1),Setting!$D$30:$D$39,">="&($AK53-1)) -> 48 | AM53: =AM52+SUMIFS(Setting!$E$30:$E$39,Setting!$A$30:$A$39,AM$4,Setting!$C$30:$C$39,"<="&($AK53-1),Setting!$D$30:$D$39,">="&($AK53-1)) -> 48
A54: 5 | B54: 3 | C54: =Hitung!A21 -> Cicero | D54: =Hitung!B7 -> S1 | E54: =IF(AND(C54<>"",D54<>"",Hitung!B21>0,Hitung!E7>Hitung!B21,G54<>B54,F54>0),1,0) -> 1 | F54: =Hitung!D21 -> 21 | G54: =Hitung!X21 -> 1 | H54: =Hitung!$M$5-IF($G54=1,$F54,0)+IF($B54=1,$F54,0) -> 84 | I54: =Hitung!$M$6-IF($G54=2,$F54,0)+IF($B54=2,$F54,0) -> 0 | J54: =Hitung!$M$7-IF($G54=3,$F54,0)+IF($B54=3,$F54,0) -> 63 | K54: =Hitung!$M$8-IF($G54=4,$F54,0)+IF($B54=4,$F54,0) -> 0 | L54: =Hitung!$M$9-IF($G54=5,$F54,0)+IF($B54=5,$F54,0) -> 0 | M54: =Hitung!$M$10-IF($G54=6,$F54,0)+IF($B54=6,$F54,0) -> 61 | N54: =Hitung!$M$11-IF($G54=7,$F54,0)+IF($B54=7,$F54,0) -> 0 | O54: =Hitung!$M$12-IF($G54=8,$F54,0)+IF($B54=8,$F54,0) -> 0 | P54: =SUMPRODUCT($B$5:$I$5,$H54:$O54) -> 0 | Q54: =SUMPRODUCT($B$6:$I$6,$H54:$O54) -> 0 | R54: =SUMPRODUCT($B$7:$I$7,$H54:$O54) -> 61 | S54: =SUMPRODUCT($B$8:$I$8,$H54:$O54) -> 61 | T54: =SUMPRODUCT($B$9:$I$9,$H54:$O54) -> 61 | U54: =SUMPRODUCT($B$10:$I$10,$H54:$O54) -> 0 | V54: =SUMPRODUCT($B$11:$I$11,$H54:$O54) -> 0 | W54: =SUMPRODUCT($B$12:$I$12,$H54:$O54) -> 0 | X54: {=IF(H54=0,0,Hitung!$D$5*IF(Hitung!$C$5="Conquest",INDEX($AL$5:$AL$705,P54+H54+1)-INDEX($AL$5:$AL$705,P54+1),INDEX($AM$5:$AM$705,P54+H54+1)-INDEX($AM$5:$AM$705,P54+1)))} -> 25200000 | Y54: {=IF(I54=0,0,Hitung!$D$6*IF(Hitung!$C$6="Conquest",INDEX($AL$5:$AL$705,Q54+I54+1)-INDEX($AL$5:$AL$705,Q54+1),INDEX($AM$5:$AM$705,Q54+I54+1)-INDEX($AM$5:$AM$705,Q54+1)))} -> 0 | Z54: {=IF(J54=0,0,Hitung!$D$7*IF(Hitung!$C$7="Conquest",INDEX($AL$5:$AL$705,R54+J54+1)-INDEX($AL$5:$AL$705,R54+1),INDEX($AM$5:$AM$705,R54+J54+1)-INDEX($AM$5:$AM$705,R54+1)))} -> 7920000 | AA54: {=IF(K54=0,0,Hitung!$D$8*IF(Hitung!$C$8="Conquest",INDEX($AL$5:$AL$705,S54+K54+1)-INDEX($AL$5:$AL$705,S54+1),INDEX($AM$5:$AM$705,S54+K54+1)-INDEX($AM$5:$AM$705,S54+1)))} -> 0 | AB54: {=IF(L54=0,0,Hitung!$D$9*IF(Hitung!$C$9="Conquest",INDEX($AL$5:$AL$705,T54+L54+1)-INDEX($AL$5:$AL$705,T54+1),INDEX($AM$5:$AM$705,T54+L54+1)-INDEX($AM$5:$AM$705,T54+1)))} -> 0 | AC54: {=IF(M54=0,0,Hitung!$D$10*IF(Hitung!$C$10="Conquest",INDEX($AL$5:$AL$705,U54+M54+1)-INDEX($AL$5:$AL$705,U54+1),INDEX($AM$5:$AM$705,U54+M54+1)-INDEX($AM$5:$AM$705,U54+1)))} -> 28800000 | AD54: {=IF(N54=0,0,Hitung!$D$11*IF(Hitung!$C$11="Conquest",INDEX($AL$5:$AL$705,V54+N54+1)-INDEX($AL$5:$AL$705,V54+1),INDEX($AM$5:$AM$705,V54+N54+1)-INDEX($AM$5:$AM$705,V54+1)))} -> 0 | AE54: {=IF(O54=0,0,Hitung!$D$12*IF(Hitung!$C$12="Conquest",INDEX($AL$5:$AL$705,W54+O54+1)-INDEX($AL$5:$AL$705,W54+1),INDEX($AM$5:$AM$705,W54+O54+1)-INDEX($AM$5:$AM$705,W54+1)))} -> 0 | AF54: =SUM(X54:AE54) -> 61920000 | AG54: =IF(E54=1,AF54-Hitung!$AO$13,0) -> -3780000 | AH54: =IF(E54=1,Hitung!E7-Hitung!B21,0) -> 98 | AI54: =IF(AND(E54=1,AG54>0,AH54>0),AG54/AH54,0) -> 0 | AK54: 49 | AL54: =AL53+SUMIFS(Setting!$E$30:$E$39,Setting!$A$30:$A$39,AL$4,Setting!$C$30:$C$39,"<="&($AK54-1),Setting!$D$30:$D$39,">="&($AK54-1)) -> 49 | AM54: =AM53+SUMIFS(Setting!$E$30:$E$39,Setting!$A$30:$A$39,AM$4,Setting!$C$30:$C$39,"<="&($AK54-1),Setting!$D$30:$D$39,">="&($AK54-1)) -> 49
A55: 5 | B55: 4 | C55: =Hitung!A21 -> Cicero | D55: =Hitung!B8 -> S2 | E55: =IF(AND(C55<>"",D55<>"",Hitung!B21>0,Hitung!E8>Hitung!B21,G55<>B55,F55>0),1,0) -> 1 | F55: =Hitung!D21 -> 21 | G55: =Hitung!X21 -> 1 | H55: =Hitung!$M$5-IF($G55=1,$F55,0)+IF($B55=1,$F55,0) -> 84 | I55: =Hitung!$M$6-IF($G55=2,$F55,0)+IF($B55=2,$F55,0) -> 0 | J55: =Hitung!$M$7-IF($G55=3,$F55,0)+IF($B55=3,$F55,0) -> 42 | K55: =Hitung!$M$8-IF($G55=4,$F55,0)+IF($B55=4,$F55,0) -> 21 | L55: =Hitung!$M$9-IF($G55=5,$F55,0)+IF($B55=5,$F55,0) -> 0 | M55: =Hitung!$M$10-IF($G55=6,$F55,0)+IF($B55=6,$F55,0) -> 61 | N55: =Hitung!$M$11-IF($G55=7,$F55,0)+IF($B55=7,$F55,0) -> 0 | O55: =Hitung!$M$12-IF($G55=8,$F55,0)+IF($B55=8,$F55,0) -> 0 | P55: =SUMPRODUCT($B$5:$I$5,$H55:$O55) -> 0 | Q55: =SUMPRODUCT($B$6:$I$6,$H55:$O55) -> 0 | R55: =SUMPRODUCT($B$7:$I$7,$H55:$O55) -> 82 | S55: =SUMPRODUCT($B$8:$I$8,$H55:$O55) -> 61 | T55: =SUMPRODUCT($B$9:$I$9,$H55:$O55) -> 61 | U55: =SUMPRODUCT($B$10:$I$10,$H55:$O55) -> 0 | V55: =SUMPRODUCT($B$11:$I$11,$H55:$O55) -> 0 | W55: =SUMPRODUCT($B$12:$I$12,$H55:$O55) -> 0 | X55: {=IF(H55=0,0,Hitung!$D$5*IF(Hitung!$C$5="Conquest",INDEX($AL$5:$AL$705,P55+H55+1)-INDEX($AL$5:$AL$705,P55+1),INDEX($AM$5:$AM$705,P55+H55+1)-INDEX($AM$5:$AM$705,P55+1)))} -> 25200000 | Y55: {=IF(I55=0,0,Hitung!$D$6*IF(Hitung!$C$6="Conquest",INDEX($AL$5:$AL$705,Q55+I55+1)-INDEX($AL$5:$AL$705,Q55+1),INDEX($AM$5:$AM$705,Q55+I55+1)-INDEX($AM$5:$AM$705,Q55+1)))} -> 0 | Z55: {=IF(J55=0,0,Hitung!$D$7*IF(Hitung!$C$7="Conquest",INDEX($AL$5:$AL$705,R55+J55+1)-INDEX($AL$5:$AL$705,R55+1),INDEX($AM$5:$AM$705,R55+J55+1)-INDEX($AM$5:$AM$705,R55+1)))} -> 3600000 | AA55: {=IF(K55=0,0,Hitung!$D$8*IF(Hitung!$C$8="Conquest",INDEX($AL$5:$AL$705,S55+K55+1)-INDEX($AL$5:$AL$705,S55+1),INDEX($AM$5:$AM$705,S55+K55+1)-INDEX($AM$5:$AM$705,S55+1)))} -> 5184000 | AB55: {=IF(L55=0,0,Hitung!$D$9*IF(Hitung!$C$9="Conquest",INDEX($AL$5:$AL$705,T55+L55+1)-INDEX($AL$5:$AL$705,T55+1),INDEX($AM$5:$AM$705,T55+L55+1)-INDEX($AM$5:$AM$705,T55+1)))} -> 0 | AC55: {=IF(M55=0,0,Hitung!$D$10*IF(Hitung!$C$10="Conquest",INDEX($AL$5:$AL$705,U55+M55+1)-INDEX($AL$5:$AL$705,U55+1),INDEX($AM$5:$AM$705,U55+M55+1)-INDEX($AM$5:$AM$705,U55+1)))} -> 28800000 | AD55: {=IF(N55=0,0,Hitung!$D$11*IF(Hitung!$C$11="Conquest",INDEX($AL$5:$AL$705,V55+N55+1)-INDEX($AL$5:$AL$705,V55+1),INDEX($AM$5:$AM$705,V55+N55+1)-INDEX($AM$5:$AM$705,V55+1)))} -> 0 | AE55: {=IF(O55=0,0,Hitung!$D$12*IF(Hitung!$C$12="Conquest",INDEX($AL$5:$AL$705,W55+O55+1)-INDEX($AL$5:$AL$705,W55+1),INDEX($AM$5:$AM$705,W55+O55+1)-INDEX($AM$5:$AM$705,W55+1)))} -> 0 | AF55: =SUM(X55:AE55) -> 62784000 | AG55: =IF(E55=1,AF55-Hitung!$AO$13,0) -> -2916000 | AH55: =IF(E55=1,Hitung!E8-Hitung!B21,0) -> 398 | AI55: =IF(AND(E55=1,AG55>0,AH55>0),AG55/AH55,0) -> 0 | AK55: 50 | AL55: =AL54+SUMIFS(Setting!$E$30:$E$39,Setting!$A$30:$A$39,AL$4,Setting!$C$30:$C$39,"<="&($AK55-1),Setting!$D$30:$D$39,">="&($AK55-1)) -> 50 | AM55: =AM54+SUMIFS(Setting!$E$30:$E$39,Setting!$A$30:$A$39,AM$4,Setting!$C$30:$C$39,"<="&($AK55-1),Setting!$D$30:$D$39,">="&($AK55-1)) -> 50
A56: 5 | B56: 5 | C56: =Hitung!A21 -> Cicero | D56: =Hitung!B9 -> S3 | E56: =IF(AND(C56<>"",D56<>"",Hitung!B21>0,Hitung!E9>Hitung!B21,G56<>B56,F56>0),1,0) -> 1 | F56: =Hitung!D21 -> 21 | G56: =Hitung!X21 -> 1 | H56: =Hitung!$M$5-IF($G56=1,$F56,0)+IF($B56=1,$F56,0) -> 84 | I56: =Hitung!$M$6-IF($G56=2,$F56,0)+IF($B56=2,$F56,0) -> 0 | J56: =Hitung!$M$7-IF($G56=3,$F56,0)+IF($B56=3,$F56,0) -> 42 | K56: =Hitung!$M$8-IF($G56=4,$F56,0)+IF($B56=4,$F56,0) -> 0 | L56: =Hitung!$M$9-IF($G56=5,$F56,0)+IF($B56=5,$F56,0) -> 21 | M56: =Hitung!$M$10-IF($G56=6,$F56,0)+IF($B56=6,$F56,0) -> 61 | N56: =Hitung!$M$11-IF($G56=7,$F56,0)+IF($B56=7,$F56,0) -> 0 | O56: =Hitung!$M$12-IF($G56=8,$F56,0)+IF($B56=8,$F56,0) -> 0 | P56: =SUMPRODUCT($B$5:$I$5,$H56:$O56) -> 0 | Q56: =SUMPRODUCT($B$6:$I$6,$H56:$O56) -> 0 | R56: =SUMPRODUCT($B$7:$I$7,$H56:$O56) -> 82 | S56: =SUMPRODUCT($B$8:$I$8,$H56:$O56) -> 82 | T56: =SUMPRODUCT($B$9:$I$9,$H56:$O56) -> 61 | U56: =SUMPRODUCT($B$10:$I$10,$H56:$O56) -> 0 | V56: =SUMPRODUCT($B$11:$I$11,$H56:$O56) -> 0 | W56: =SUMPRODUCT($B$12:$I$12,$H56:$O56) -> 0 | X56: {=IF(H56=0,0,Hitung!$D$5*IF(Hitung!$C$5="Conquest",INDEX($AL$5:$AL$705,P56+H56+1)-INDEX($AL$5:$AL$705,P56+1),INDEX($AM$5:$AM$705,P56+H56+1)-INDEX($AM$5:$AM$705,P56+1)))} -> 25200000 | Y56: {=IF(I56=0,0,Hitung!$D$6*IF(Hitung!$C$6="Conquest",INDEX($AL$5:$AL$705,Q56+I56+1)-INDEX($AL$5:$AL$705,Q56+1),INDEX($AM$5:$AM$705,Q56+I56+1)-INDEX($AM$5:$AM$705,Q56+1)))} -> 0 | Z56: {=IF(J56=0,0,Hitung!$D$7*IF(Hitung!$C$7="Conquest",INDEX($AL$5:$AL$705,R56+J56+1)-INDEX($AL$5:$AL$705,R56+1),INDEX($AM$5:$AM$705,R56+J56+1)-INDEX($AM$5:$AM$705,R56+1)))} -> 3600000 | AA56: {=IF(K56=0,0,Hitung!$D$8*IF(Hitung!$C$8="Conquest",INDEX($AL$5:$AL$705,S56+K56+1)-INDEX($AL$5:$AL$705,S56+1),INDEX($AM$5:$AM$705,S56+K56+1)-INDEX($AM$5:$AM$705,S56+1)))} -> 0 | AB56: {=IF(L56=0,0,Hitung!$D$9*IF(Hitung!$C$9="Conquest",INDEX($AL$5:$AL$705,T56+L56+1)-INDEX($AL$5:$AL$705,T56+1),INDEX($AM$5:$AM$705,T56+L56+1)-INDEX($AM$5:$AM$705,T56+1)))} -> 6048000 | AC56: {=IF(M56=0,0,Hitung!$D$10*IF(Hitung!$C$10="Conquest",INDEX($AL$5:$AL$705,U56+M56+1)-INDEX($AL$5:$AL$705,U56+1),INDEX($AM$5:$AM$705,U56+M56+1)-INDEX($AM$5:$AM$705,U56+1)))} -> 28800000 | AD56: {=IF(N56=0,0,Hitung!$D$11*IF(Hitung!$C$11="Conquest",INDEX($AL$5:$AL$705,V56+N56+1)-INDEX($AL$5:$AL$705,V56+1),INDEX($AM$5:$AM$705,V56+N56+1)-INDEX($AM$5:$AM$705,V56+1)))} -> 0 | AE56: {=IF(O56=0,0,Hitung!$D$12*IF(Hitung!$C$12="Conquest",INDEX($AL$5:$AL$705,W56+O56+1)-INDEX($AL$5:$AL$705,W56+1),INDEX($AM$5:$AM$705,W56+O56+1)-INDEX($AM$5:$AM$705,W56+1)))} -> 0 | AF56: =SUM(X56:AE56) -> 63648000 | AG56: =IF(E56=1,AF56-Hitung!$AO$13,0) -> -2052000 | AH56: =IF(E56=1,Hitung!E9-Hitung!B21,0) -> 698 | AI56: =IF(AND(E56=1,AG56>0,AH56>0),AG56/AH56,0) -> 0 | AK56: 51 | AL56: =AL55+SUMIFS(Setting!$E$30:$E$39,Setting!$A$30:$A$39,AL$4,Setting!$C$30:$C$39,"<="&($AK56-1),Setting!$D$30:$D$39,">="&($AK56-1)) -> 51 | AM56: =AM55+SUMIFS(Setting!$E$30:$E$39,Setting!$A$30:$A$39,AM$4,Setting!$C$30:$C$39,"<="&($AK56-1),Setting!$D$30:$D$39,">="&($AK56-1)) -> 51
A57: 5 | B57: 6 | C57: =Hitung!A21 -> Cicero | D57: =Hitung!B10 -> S4 | E57: =IF(AND(C57<>"",D57<>"",Hitung!B21>0,Hitung!E10>Hitung!B21,G57<>B57,F57>0),1,0) -> 1 | F57: =Hitung!D21 -> 21 | G57: =Hitung!X21 -> 1 | H57: =Hitung!$M$5-IF($G57=1,$F57,0)+IF($B57=1,$F57,0) -> 84 | I57: =Hitung!$M$6-IF($G57=2,$F57,0)+IF($B57=2,$F57,0) -> 0 | J57: =Hitung!$M$7-IF($G57=3,$F57,0)+IF($B57=3,$F57,0) -> 42 | K57: =Hitung!$M$8-IF($G57=4,$F57,0)+IF($B57=4,$F57,0) -> 0 | L57: =Hitung!$M$9-IF($G57=5,$F57,0)+IF($B57=5,$F57,0) -> 0 | M57: =Hitung!$M$10-IF($G57=6,$F57,0)+IF($B57=6,$F57,0) -> 82 | N57: =Hitung!$M$11-IF($G57=7,$F57,0)+IF($B57=7,$F57,0) -> 0 | O57: =Hitung!$M$12-IF($G57=8,$F57,0)+IF($B57=8,$F57,0) -> 0 | P57: =SUMPRODUCT($B$5:$I$5,$H57:$O57) -> 0 | Q57: =SUMPRODUCT($B$6:$I$6,$H57:$O57) -> 0 | R57: =SUMPRODUCT($B$7:$I$7,$H57:$O57) -> 82 | S57: =SUMPRODUCT($B$8:$I$8,$H57:$O57) -> 82 | T57: =SUMPRODUCT($B$9:$I$9,$H57:$O57) -> 82 | U57: =SUMPRODUCT($B$10:$I$10,$H57:$O57) -> 0 | V57: =SUMPRODUCT($B$11:$I$11,$H57:$O57) -> 0 | W57: =SUMPRODUCT($B$12:$I$12,$H57:$O57) -> 0 | X57: {=IF(H57=0,0,Hitung!$D$5*IF(Hitung!$C$5="Conquest",INDEX($AL$5:$AL$705,P57+H57+1)-INDEX($AL$5:$AL$705,P57+1),INDEX($AM$5:$AM$705,P57+H57+1)-INDEX($AM$5:$AM$705,P57+1)))} -> 25200000 | Y57: {=IF(I57=0,0,Hitung!$D$6*IF(Hitung!$C$6="Conquest",INDEX($AL$5:$AL$705,Q57+I57+1)-INDEX($AL$5:$AL$705,Q57+1),INDEX($AM$5:$AM$705,Q57+I57+1)-INDEX($AM$5:$AM$705,Q57+1)))} -> 0 | Z57: {=IF(J57=0,0,Hitung!$D$7*IF(Hitung!$C$7="Conquest",INDEX($AL$5:$AL$705,R57+J57+1)-INDEX($AL$5:$AL$705,R57+1),INDEX($AM$5:$AM$705,R57+J57+1)-INDEX($AM$5:$AM$705,R57+1)))} -> 3600000 | AA57: {=IF(K57=0,0,Hitung!$D$8*IF(Hitung!$C$8="Conquest",INDEX($AL$5:$AL$705,S57+K57+1)-INDEX($AL$5:$AL$705,S57+1),INDEX($AM$5:$AM$705,S57+K57+1)-INDEX($AM$5:$AM$705,S57+1)))} -> 0 | AB57: {=IF(L57=0,0,Hitung!$D$9*IF(Hitung!$C$9="Conquest",INDEX($AL$5:$AL$705,T57+L57+1)-INDEX($AL$5:$AL$705,T57+1),INDEX($AM$5:$AM$705,T57+L57+1)-INDEX($AM$5:$AM$705,T57+1)))} -> 0 | AC57: {=IF(M57=0,0,Hitung!$D$10*IF(Hitung!$C$10="Conquest",INDEX($AL$5:$AL$705,U57+M57+1)-INDEX($AL$5:$AL$705,U57+1),INDEX($AM$5:$AM$705,U57+M57+1)-INDEX($AM$5:$AM$705,U57+1)))} -> 35712000 | AD57: {=IF(N57=0,0,Hitung!$D$11*IF(Hitung!$C$11="Conquest",INDEX($AL$5:$AL$705,V57+N57+1)-INDEX($AL$5:$AL$705,V57+1),INDEX($AM$5:$AM$705,V57+N57+1)-INDEX($AM$5:$AM$705,V57+1)))} -> 0 | AE57: {=IF(O57=0,0,Hitung!$D$12*IF(Hitung!$C$12="Conquest",INDEX($AL$5:$AL$705,W57+O57+1)-INDEX($AL$5:$AL$705,W57+1),INDEX($AM$5:$AM$705,W57+O57+1)-INDEX($AM$5:$AM$705,W57+1)))} -> 0 | AF57: =SUM(X57:AE57) -> 64512000 | AG57: =IF(E57=1,AF57-Hitung!$AO$13,0) -> -1188000 | AH57: =IF(E57=1,Hitung!E10-Hitung!B21,0) -> 998 | AI57: =IF(AND(E57=1,AG57>0,AH57>0),AG57/AH57,0) -> 0 | AK57: 52 | AL57: =AL56+SUMIFS(Setting!$E$30:$E$39,Setting!$A$30:$A$39,AL$4,Setting!$C$30:$C$39,"<="&($AK57-1),Setting!$D$30:$D$39,">="&($AK57-1)) -> 52 | AM57: =AM56+SUMIFS(Setting!$E$30:$E$39,Setting!$A$30:$A$39,AM$4,Setting!$C$30:$C$39,"<="&($AK57-1),Setting!$D$30:$D$39,">="&($AK57-1)) -> 52
A58: 5 | B58: 7 | C58: =Hitung!A21 -> Cicero | D58: =Hitung!B11 | E58: =IF(AND(C58<>"",D58<>"",Hitung!B21>0,Hitung!E11>Hitung!B21,G58<>B58,F58>0),1,0) -> 0 | F58: =Hitung!D21 -> 21 | G58: =Hitung!X21 -> 1 | H58: =Hitung!$M$5-IF($G58=1,$F58,0)+IF($B58=1,$F58,0) -> 84 | I58: =Hitung!$M$6-IF($G58=2,$F58,0)+IF($B58=2,$F58,0) -> 0 | J58: =Hitung!$M$7-IF($G58=3,$F58,0)+IF($B58=3,$F58,0) -> 42 | K58: =Hitung!$M$8-IF($G58=4,$F58,0)+IF($B58=4,$F58,0) -> 0 | L58: =Hitung!$M$9-IF($G58=5,$F58,0)+IF($B58=5,$F58,0) -> 0 | M58: =Hitung!$M$10-IF($G58=6,$F58,0)+IF($B58=6,$F58,0) -> 61 | N58: =Hitung!$M$11-IF($G58=7,$F58,0)+IF($B58=7,$F58,0) -> 21 | O58: =Hitung!$M$12-IF($G58=8,$F58,0)+IF($B58=8,$F58,0) -> 0 | P58: =SUMPRODUCT($B$5:$I$5,$H58:$O58) -> 0 | Q58: =SUMPRODUCT($B$6:$I$6,$H58:$O58) -> 0 | R58: =SUMPRODUCT($B$7:$I$7,$H58:$O58) -> 61 | S58: =SUMPRODUCT($B$8:$I$8,$H58:$O58) -> 61 | T58: =SUMPRODUCT($B$9:$I$9,$H58:$O58) -> 61 | U58: =SUMPRODUCT($B$10:$I$10,$H58:$O58) -> 0 | V58: =SUMPRODUCT($B$11:$I$11,$H58:$O58) -> 0 | W58: =SUMPRODUCT($B$12:$I$12,$H58:$O58) -> 0 | X58: {=IF(H58=0,0,Hitung!$D$5*IF(Hitung!$C$5="Conquest",INDEX($AL$5:$AL$705,P58+H58+1)-INDEX($AL$5:$AL$705,P58+1),INDEX($AM$5:$AM$705,P58+H58+1)-INDEX($AM$5:$AM$705,P58+1)))} -> 25200000 | Y58: {=IF(I58=0,0,Hitung!$D$6*IF(Hitung!$C$6="Conquest",INDEX($AL$5:$AL$705,Q58+I58+1)-INDEX($AL$5:$AL$705,Q58+1),INDEX($AM$5:$AM$705,Q58+I58+1)-INDEX($AM$5:$AM$705,Q58+1)))} -> 0 | Z58: {=IF(J58=0,0,Hitung!$D$7*IF(Hitung!$C$7="Conquest",INDEX($AL$5:$AL$705,R58+J58+1)-INDEX($AL$5:$AL$705,R58+1),INDEX($AM$5:$AM$705,R58+J58+1)-INDEX($AM$5:$AM$705,R58+1)))} -> 6660000 | AA58: {=IF(K58=0,0,Hitung!$D$8*IF(Hitung!$C$8="Conquest",INDEX($AL$5:$AL$705,S58+K58+1)-INDEX($AL$5:$AL$705,S58+1),INDEX($AM$5:$AM$705,S58+K58+1)-INDEX($AM$5:$AM$705,S58+1)))} -> 0 | AB58: {=IF(L58=0,0,Hitung!$D$9*IF(Hitung!$C$9="Conquest",INDEX($AL$5:$AL$705,T58+L58+1)-INDEX($AL$5:$AL$705,T58+1),INDEX($AM$5:$AM$705,T58+L58+1)-INDEX($AM$5:$AM$705,T58+1)))} -> 0 | AC58: {=IF(M58=0,0,Hitung!$D$10*IF(Hitung!$C$10="Conquest",INDEX($AL$5:$AL$705,U58+M58+1)-INDEX($AL$5:$AL$705,U58+1),INDEX($AM$5:$AM$705,U58+M58+1)-INDEX($AM$5:$AM$705,U58+1)))} -> 28800000 | AD58: {=IF(N58=0,0,Hitung!$D$11*IF(Hitung!$C$11="Conquest",INDEX($AL$5:$AL$705,V58+N58+1)-INDEX($AL$5:$AL$705,V58+1),INDEX($AM$5:$AM$705,V58+N58+1)-INDEX($AM$5:$AM$705,V58+1)))} -> 0 | AE58: {=IF(O58=0,0,Hitung!$D$12*IF(Hitung!$C$12="Conquest",INDEX($AL$5:$AL$705,W58+O58+1)-INDEX($AL$5:$AL$705,W58+1),INDEX($AM$5:$AM$705,W58+O58+1)-INDEX($AM$5:$AM$705,W58+1)))} -> 0 | AF58: =SUM(X58:AE58) -> 60660000 | AG58: =IF(E58=1,AF58-Hitung!$AO$13,0) -> 0 | AH58: =IF(E58=1,Hitung!E11-Hitung!B21,0) -> 0 | AI58: =IF(AND(E58=1,AG58>0,AH58>0),AG58/AH58,0) -> 0 | AK58: 53 | AL58: =AL57+SUMIFS(Setting!$E$30:$E$39,Setting!$A$30:$A$39,AL$4,Setting!$C$30:$C$39,"<="&($AK58-1),Setting!$D$30:$D$39,">="&($AK58-1)) -> 53 | AM58: =AM57+SUMIFS(Setting!$E$30:$E$39,Setting!$A$30:$A$39,AM$4,Setting!$C$30:$C$39,"<="&($AK58-1),Setting!$D$30:$D$39,">="&($AK58-1)) -> 53
